総額(万),家賃(万),管理費(円),物件名,間取り,面積,階,築年,構造,最寄り駅,徒歩(分),桜木町(分),路線,区,犯罪率(‰),所在地,敷/礼,物件ページ
3.4,3.4,0,朝日プラザ希望ヶ丘,1R,16.08㎡,3,40,鉄筋コンクリート,希望ケ丘,7,26,相鉄本線,旭区,4.61,神奈川県横浜市旭区東希望が丘,敷 6.8万円 / 礼 なし,https://realestate.yahoo.co.jp/rent/detail/00000298759678c75fe4c90f7145cf125e2cb0f09fe5/
3.5,3.5,0,スカイコート西谷,1R,13.81㎡,4,39,鉄筋コンクリート,西谷,5,21,相鉄本線,保土ケ谷区,3.99,神奈川県横浜市保土ヶ谷区西谷町,敷 なし※ / 礼 なし,https://realestate.yahoo.co.jp/rent/detail/000001080737afd650ed8264427fbbb4c470e260ab07/
3.8,3.8,0,山中ビル,1R,14.4㎡,3,38,鉄骨,山手,3,7,JR根岸線,中区,11.11,神奈川県横浜市中区大和町2,敷 3.8万円 / 礼 なし,https://realestate.yahoo.co.jp/rent/detail/0000033420592afa395dcd8c166ffff2a4eba19351e8/
3.8,3.5,3000,Hill Top二俣川,1R,17㎡,3,39,鉄筋コンクリート,二俣川,12,24,相鉄本線,旭区,4.61,神奈川県横浜市旭区さちが丘,敷 3.5万円 / 礼 3.5万円,https://realestate.yahoo.co.jp/rent/detail/00000120531154c43c24c08099ac47d04a1347d4e95b/
3.8,3.5,3000,エクセルピア戸塚,1R,18㎡,3,40,鉄骨,舞岡,38,22,ブルーライン,戸塚区,4.08,神奈川県横浜市戸塚区下倉田町,敷 なし / 礼 なし,https://realestate.yahoo.co.jp/rent/detail/000001539540cc8d96c42a106e1a9e9d2caf32a2418b/
3.9,3.9,0,スカイコート横浜黄金町,1R,16.1㎡,3,38,鉄筋コンクリート,黄金町,3,10,京急本線,南区,3.93,神奈川県横浜市南区西中町2,敷 5万円 / 礼 3.9万円,https://realestate.yahoo.co.jp/rent/detail/000003369894ffd05f08ea8e87964477bf77fc0eed2e/
3.9,3.3,6000,スカイコート横浜富岡,1R,16.92㎡,3,37,鉄筋コンクリート,京急富岡,6,27,京急本線,金沢区,5.5,神奈川県横浜市金沢区富岡西7,敷 4万円 / 礼 なし,https://realestate.yahoo.co.jp/rent/detail/0000024937230e3f24aeab85b5158e7d58e34eef7213/
3.9,3.3,6000,京急本線 京急富岡駅 5階建 築37年,1R,16.92㎡,3,37,鉄筋コンクリート,京急富岡,7,27,京急本線,金沢区,5.5,神奈川県横浜市金沢区富岡西7,敷 4万円 / 礼 なし,https://realestate.yahoo.co.jp/rent/detail/_0000024937230e3f24aeab85b5158e7d58e34eef7213/
3.9,3.7,2000,ヒロタマンション平沼橋,1R,13.7㎡,3,37,鉄骨,戸部,8,10,京急本線,西区,14.14,神奈川県横浜市西区中央2,敷 なし / 礼 なし,https://realestate.yahoo.co.jp/rent/detail/0000067803374d95c097829281b32233ae0321b3eca1/
4.0,3.8,2000,コスモAoi能見台,1R,17.62㎡,3,37,鉄骨,能見台,6,29,京急本線,金沢区,5.5,神奈川県横浜市金沢区能見台通,敷 3.8万円 / 礼 なし,https://realestate.yahoo.co.jp/rent/detail/0000018879915c8ca7d0bfce18288e379c9c742e6cbc/
4.0,3.8,2000,京急本線 能見台駅 3階建 築37年,1R,17.62㎡,3,37,鉄骨,能見台,6,29,京急本線,金沢区,5.5,神奈川県横浜市金沢区能見台通,敷 3.8万円 / 礼 なし,https://realestate.yahoo.co.jp/rent/detail/_0000018879915c8ca7d0bfce18288e379c9c742e6cbc/
4.0,3.5,5000,京浜東北線 新杉田駅 7階建 築38年,1R,16.5㎡,4,38,鉄筋コンクリート,新杉田,7,16,JR根岸線,磯子区,4.36,神奈川県横浜市磯子区中原1,敷 3.5万円 / 礼 なし,https://realestate.yahoo.co.jp/rent/detail/_0000010584792c6be253682369e77349ccbc859352f7/
4.0,4.0,0,山康ビル,1R,15㎡,4,36,鉄骨,瀬谷,7,31,相鉄本線,瀬谷区,5.34,神奈川県横浜市瀬谷区瀬谷4,敷 4万円 / 礼 なし,https://realestate.yahoo.co.jp/rent/detail/000002356213d97876ec340540b3e6434334d54dcece/
4.0,4.0,0,山康ビル,1R,15㎡,3,36,鉄骨,瀬谷,7,31,相鉄本線,瀬谷区,5.34,神奈川県横浜市瀬谷区瀬谷4,敷 4万円 / 礼 なし,https://realestate.yahoo.co.jp/rent/detail/0000023562133fe892cc9df0b436ba84f7efe91f4e4d/
4.0,3.8,2000,クロノス三ツ境West,1R,17.3㎡,3,39,鉄骨,三ツ境,8,28,相鉄本線,瀬谷区,5.34,神奈川県横浜市瀬谷区二ツ橋町,敷 なし / 礼 なし,https://realestate.yahoo.co.jp/rent/detail/00000888237714b40765a4152e30f5e1bb12ed5cafe4/
4.0,3.8,2000,相模鉄道本線 三ツ境駅 3階建 築39年,1R,17.3㎡,3,39,鉄骨,三ツ境,8,28,相鉄本線,瀬谷区,5.34,神奈川県横浜市瀬谷区二ツ橋町,敷 なし / 礼 なし,https://realestate.yahoo.co.jp/rent/detail/_00000169552314b40765a4152e30f5e1bb12ed5cafe4/
4.0,3.7,3000,ポートタウン本牧,1R,13.8㎡,3,35,鉄筋コンクリート,山手,15,7,JR根岸線,中区,11.11,神奈川県横浜市中区本郷町3,敷 なし / 礼 なし,https://realestate.yahoo.co.jp/rent/detail/0000036318798c6a53097e1f65ccfd9d0ae381c99f3a/
4.0,3.5,5000,ヴィラ西横浜A棟,1R,14.4㎡,3,39,鉄骨,天王町,16,14,相鉄本線,保土ケ谷区,3.99,神奈川県横浜市西区東久保町,敷 なし / 礼 なし,https://realestate.yahoo.co.jp/rent/detail/000003600360f2a488f3e2f79f219440dedc29ec578a/
4.0,4.0,0,コスモクリエイト,1R,15.79㎡,3,34,鉄骨,星川,20,16,相鉄本線,保土ケ谷区,3.99,神奈川県横浜市保土ヶ谷区霞台,敷 なし / 礼 なし,https://realestate.yahoo.co.jp/rent/detail/000008821437a20a8166e1968ead118184ce54aa2110/
4.0,4.0,0,山康ビル,1R,14.77㎡,4,37,鉄骨,三ツ境,25,28,相鉄本線,瀬谷区,5.34,神奈川県横浜市瀬谷区瀬谷4,敷 4万円 / 礼 なし,https://realestate.yahoo.co.jp/rent/detail/0000023562132e4d2027f65d18680ad9f591d3f38678/
4.0,4.0,0,カサベルデ中村,1R,17㎡,3,34,鉄骨,本郷台,26,26,JR根岸線,栄区,3.34,神奈川県横浜市栄区長沼町,敷 なし / 礼 なし,https://realestate.yahoo.co.jp/rent/detail/000001631588ea378a17fdaab5a690d760ea3dcb3c91/
4.1,3.6,5000,相模鉄道本線 西横浜駅 3階建 築46年,1R,15.96㎡,3,46,鉄筋コンクリート,天王町,9,14,相鉄本線,保土ケ谷区,3.99,神奈川県横浜市西区浜松町,敷 なし / 礼 なし,https://realestate.yahoo.co.jp/rent/detail/_000009010275f28daa62b77fb01fb5575c8157a47dbb/
4.1,3.9,2000,横須賀線 保土ケ谷駅 地上4階建て 築35年,1R,13.53㎡,3,35,鉄骨,天王町,16,14,相鉄本線,保土ケ谷区,3.99,神奈川県横浜市保土ケ谷区帷子町002,敷 なし / 礼 なし,https://realestate.yahoo.co.jp/rent/detail/_00000900012448d92a0a90525fd6dffce4f4d79b9220/
4.1,3.9,2000,横須賀線 保土ケ谷駅 4階建 築35年,1R,13.53㎡,3,35,鉄骨,天王町,16,14,相鉄本線,保土ケ谷区,3.99,神奈川県横浜市保土ヶ谷区帷子町2,敷 なし / 礼 なし,https://realestate.yahoo.co.jp/rent/detail/_00000593289948d92a0a90525fd6dffce4f4d79b9220/
4.2,4.0,2000,コスモAoi能見台,1R,17.62㎡,3,37,鉄骨,能見台,6,29,京急本線,金沢区,5.5,神奈川県横浜市金沢区能見台通,敷 1ヶ月 / 礼 なし,https://realestate.yahoo.co.jp/rent/detail/000001887991bfd1b53369d75f5f246feea0a1255680/
4.2,3.7,5000,相模鉄道本線 鶴ケ峰駅 7階建 築29年,1R,16.2㎡,7,29,鉄筋コンクリート,鶴ケ峰,7,22,相鉄本線,旭区,4.61,神奈川県横浜市旭区鶴ケ峰本町2,敷 なし / 礼 なし,https://realestate.yahoo.co.jp/rent/detail/_000008566271dee6768d41e0dfb5a81234abc6b93afe/
4.2,3.7,5000,パレドール鶴ヶ峰,1R,16.2㎡,7,39,鉄筋コンクリート,鶴ケ峰,7,22,相鉄本線,旭区,4.61,神奈川県横浜市旭区鶴ケ峰本町2,敷 なし / 礼 なし,https://realestate.yahoo.co.jp/rent/detail/000001228837dee6768d41e0dfb5a81234abc6b93afe/
4.2,3.9,3000,パレドール鶴ヶ峰,1R,16.2㎡,3,39,鉄筋コンクリート,鶴ケ峰,7,22,相鉄本線,旭区,4.61,神奈川県横浜市旭区鶴ケ峰本町2,敷 なし / 礼 3.9万円,https://realestate.yahoo.co.jp/rent/detail/0000012288370ec851a64382d29e42b3c2ad2dd2fc0b/
4.2,4.0,2000,コーポ東川島B棟,1R,20㎡,3,42,鉄骨,西谷,10,21,相鉄本線,保土ケ谷区,3.99,神奈川県横浜市保土ヶ谷区東川島町,敷 なし / 礼 4万円,https://realestate.yahoo.co.jp/rent/detail/0000011525910f069987a33a2a75c568670187677260/
4.2,3.7,5000,西横浜クリスコーポ,1R,17.78㎡,3,46,鉄筋コンクリート,戸部,13,10,京急本線,西区,14.14,神奈川県横浜市西区浜松町,敷 なし / 礼 なし,https://realestate.yahoo.co.jp/rent/detail/00000443960046ec8d438f15ce92670fed75415c7f05/
4.2,3.7,5000,相模鉄道本線 西横浜駅 7階建 築46年,1R,17.78㎡,3,46,鉄筋コンクリート,戸部,13,10,京急本線,西区,14.14,神奈川県横浜市西区浜松町,敷 なし / 礼 なし,https://realestate.yahoo.co.jp/rent/detail/_00000443960046ec8d438f15ce92670fed75415c7f05/
4.2,4.2,0,清水ビル,1R,23.43㎡,4,39,鉄骨,戸部,17,10,京急本線,西区,14.14,神奈川県横浜市西区藤棚町2,敷 4.2万円 / 礼 4.2万円,https://realestate.yahoo.co.jp/rent/detail/0000021382628d825a0a16f639debd1a4859060458c1/
4.2,3.9,3000,横浜ヒルストンハウス,1R,20.45㎡,3,33,軽量鉄骨,鶴ケ峰,113,22,相鉄本線,旭区,4.61,神奈川県横浜市旭区川井本町,敷 なし / 礼 なし,https://realestate.yahoo.co.jp/rent/detail/0000032761293c89adc627e81be4ea549f29a0c6b4df/
4.3,4.3,0,DRホームズ井土ヶ谷,1R,16.34㎡,3,36,鉄筋コンクリート,井土ケ谷,2,14,京急本線,南区,3.93,神奈川県横浜市南区南太田4,敷 4.3万円 / 礼 4.3万円,https://realestate.yahoo.co.jp/rent/detail/00000469624512f8099f0cd28e2b97b43babd270d1eb/
4.3,4.0,3000,ベルライト能見台,1R,16.5㎡,3,36,鉄筋コンクリート,能見台,3,29,京急本線,金沢区,5.5,神奈川県横浜市金沢区能見台通,敷 なし / 礼 なし,https://realestate.yahoo.co.jp/rent/detail/0000011060511accc565446e2dd8126c7e1cc94e9a91/
4.3,4.0,3000,京急本線 能見台駅 5階建 築36年,1R,16.5㎡,3,36,鉄骨鉄筋コンクリート,能見台,3,29,京急本線,金沢区,5.5,神奈川県横浜市金沢区能見台通,敷 なし / 礼 なし,https://realestate.yahoo.co.jp/rent/detail/_000001106051635aa3eda5d3f9436fd06e3cd4a53104/
4.3,3.9,4000,日神パレス磯子,1R,16.5㎡,7,38,鉄筋コンクリート,新杉田,7,16,JR根岸線,磯子区,4.36,神奈川県横浜市磯子区中原1,敷 3.9万円 / 礼 なし,https://realestate.yahoo.co.jp/rent/detail/0000010584794f89989f8616826d69f9ed3ebcd15c7a/
4.3,3.9,4000,京浜東北線 新杉田駅 7階建 築38年,1R,16.5㎡,7,38,鉄筋コンクリート,新杉田,7,16,JR根岸線,磯子区,4.36,神奈川県横浜市磯子区中原1,敷 3.9万円 / 礼 なし,https://realestate.yahoo.co.jp/rent/detail/_0000010584794f89989f8616826d69f9ed3ebcd15c7a/
4.3,4.0,3000,京急本線 能見台駅 地上5階建て 築37年,1R,16.02㎡,3,37,鉄筋コンクリート,能見台,10,29,京急本線,金沢区,5.5,神奈川県横浜市金沢区片吹,敷 なし / 礼 なし,https://realestate.yahoo.co.jp/rent/detail/_00000403779353ad51035e77eae04b9ef2c60ef353ea/
4.3,4.0,3000,クリオ金沢文庫壱番館,1R,16.02㎡,3,37,鉄筋コンクリート,能見台,10,29,京急本線,金沢区,5.5,神奈川県横浜市金沢区片吹,敷 なし / 礼 なし,https://realestate.yahoo.co.jp/rent/detail/00000403779353ad51035e77eae04b9ef2c60ef353ea/
4.4,4.4,0,南横浜第1ビル,1R,17.01㎡,3,40,鉄筋コンクリート,弘明寺(市営),3,12,ブルーライン,南区,3.93,神奈川県横浜市南区大岡2,敷 なし / 礼 なし,https://realestate.yahoo.co.jp/rent/detail/000001490799062ec34984a3221168fd3cbe2abdcd1f/
4.4,4.1,3000,ウインベルソロ三ツ境,1R,16.5㎡,3,35,鉄筋コンクリート,三ツ境,12,28,相鉄本線,瀬谷区,5.34,神奈川県横浜市瀬谷区二ツ橋町,敷 なし / 礼 なし,https://realestate.yahoo.co.jp/rent/detail/000000873311b8785cf64c549a3e68c97a5a9bf84d53/
4.4,4.0,4000,サンホワイト磯子,1R,15.77㎡,5,39,鉄筋コンクリート,磯子,13,13,JR根岸線,磯子区,4.36,神奈川県横浜市磯子区磯子2丁目,敷 なし / 礼 なし,https://realestate.yahoo.co.jp/rent/detail/000001063532c99aeeb1e59848aaf3c26cba139210b9/
4.4,4.0,4000,サンホワイト磯子,1R,16.38㎡,5,39,鉄筋コンクリート,磯子,13,13,JR根岸線,磯子区,4.36,神奈川県横浜市磯子区磯子2丁目,敷 なし / 礼 なし,https://realestate.yahoo.co.jp/rent/detail/00000106353215ee27f0b82972c708aa470afb8aec54/
4.4,4.0,4000,京浜東北線 磯子駅 5階建 築39年,1R,15.86㎡,5,39,鉄筋コンクリート,磯子,13,13,JR根岸線,磯子区,4.36,神奈川県横浜市磯子区磯子2,敷 なし / 礼 なし,https://realestate.yahoo.co.jp/rent/detail/_000000995586745620c51f7a6ee5b56b70d8f970616a/
4.5,4.5,0,光和マンション,1R,17.8㎡,3,35,鉄骨,吉野町,2,8,ブルーライン,南区,3.93,神奈川県横浜市南区二葉町4,敷 4.5万円 / 礼 なし,https://realestate.yahoo.co.jp/rent/detail/000001044521e2712c96740acdb5d37343fe2b90ec4d/
4.5,4.0,5000,横浜市営地下鉄ブルーライン 吉野町駅 11階建 築33年,1R,16.98㎡,8,33,鉄骨鉄筋コンクリート,吉野町,5,8,ブルーライン,南区,3.93,神奈川県横浜市南区二葉町2,敷 4万円 / 礼 なし,https://realestate.yahoo.co.jp/rent/detail/_000001066082d7327b8ab7b4ea7b6d749f9bf1c85091/
4.5,4.0,5000,ライオンズマンション新杉田第2,1R,20.39㎡,5,45,鉄筋コンクリート,新杉田,6,16,JR根岸線,磯子区,4.36,神奈川県横浜市磯子区中原1,敷 4万円 / 礼 4万円,https://realestate.yahoo.co.jp/rent/detail/000001048337bd8babb0f83454339599bae11a693a02/
4.5,4.0,5000,ライオンズマンション新杉田第2,1R,20.39㎡,3,45,鉄筋コンクリート,新杉田,6,16,JR根岸線,磯子区,4.36,神奈川県横浜市磯子区中原1,敷 4万円 / 礼 4万円,https://realestate.yahoo.co.jp/rent/detail/000001048337bf0060b56ccd69db020b389543103038/
4.5,3.5,10000,横浜南プラザ,1R,18.3㎡,4,35,鉄筋コンクリート,阪東橋,7,6,ブルーライン,南区,3.93,神奈川県横浜市南区浦舟町1,敷 3.5万円 / 礼 なし,https://realestate.yahoo.co.jp/rent/detail/0000012810471da9550b49be023f3aa3c6ff3f466509/
4.5,3.9,6000,横浜市営地下鉄ブルーライン 上大岡駅 5階建 築37年,1R,16.28㎡,3,37,鉄筋コンクリート,上大岡,7,13,ブルーライン,港南区,4.75,神奈川県横浜市港南区港南1,敷 なし / 礼 なし,https://realestate.yahoo.co.jp/rent/detail/_0000037086746f6d2a999eefd493bf507c4c2ee6c774/
4.5,3.9,6000,ラ・パルフェド・コンセルト,1R,16.28㎡,3,37,鉄筋コンクリート,上大岡,7,13,ブルーライン,港南区,4.75,神奈川県横浜市港南区港南1,敷 なし / 礼 なし,https://realestate.yahoo.co.jp/rent/detail/0000037086746f6d2a999eefd493bf507c4c2ee6c774/
4.5,4.2,3000,根岸線 山手駅 3階建 築42年,1R,13.51㎡,3,42,鉄筋コンクリート,山手,9,7,JR根岸線,中区,11.11,神奈川県横浜市中区豆口台,敷 なし / 礼 なし,https://realestate.yahoo.co.jp/rent/detail/_000008864162e4af517d094cb85823df09db36fcb672/
4.5,4.0,5000,ポートハイム三春台,1R,14.28㎡,4,36,鉄筋コンクリート,吉野町,9,8,ブルーライン,南区,3.93,神奈川県横浜市南区三春台,敷 なし / 礼 なし,https://realestate.yahoo.co.jp/rent/detail/000004050322af6a9f4f2cbf65acbea00a05b4593ee1/
4.5,4.5,0,ロイヤル石川町,1R,11.18㎡,6,41,鉄骨鉄筋コンクリート,伊勢佐木長者町,10,4,ブルーライン,中区,11.11,神奈川県横浜市中区松影町3,敷 なし / 礼 なし,https://realestate.yahoo.co.jp/rent/detail/0000008837630e6d24fd2be80e4e1643e683559fc90e/
4.5,4.5,0,根岸線 石川町駅 9階建 築41年,1R,11.18㎡,6,41,鉄骨鉄筋コンクリート,伊勢佐木長者町,10,4,ブルーライン,中区,11.11,神奈川県横浜市中区松影町3,敷 なし / 礼 なし,https://realestate.yahoo.co.jp/rent/detail/_0000008837630e6d24fd2be80e4e1643e683559fc90e/
4.5,4.0,5000,京急本線 屏風浦駅 6階建 築36年,1R,16.2㎡,3,36,鉄筋コンクリート,磯子,12,13,JR根岸線,磯子区,4.36,神奈川県横浜市磯子区森3,敷 なし / 礼 なし,https://realestate.yahoo.co.jp/rent/detail/_000004385090cae8e9ebcdaaeca7780905549dc34113/
4.5,4.5,0,ツバサビル,1R,23㎡,5,27,鉄筋コンクリート,港南台,14,23,JR根岸線,港南区,4.75,神奈川県横浜市港南区日野南6,敷 4.5万円 / 礼 4.5万円,https://realestate.yahoo.co.jp/rent/detail/00000122306392febbb692b7a83c1427c4ab6b0ccb6e/
4.5,3.5,10000,横浜市営地下鉄ブルーライン 阪東橋駅 11階建 築34年,1R,18.3㎡,4,34,鉄骨鉄筋コンクリート,伊勢佐木長者町,14,4,ブルーライン,中区,11.11,神奈川県横浜市南区浦舟町1,敷 3.5万円 / 礼 なし,https://realestate.yahoo.co.jp/rent/detail/_0000024181791da9550b49be023f3aa3c6ff3f466509/
4.5,4.0,5000,ユニーブル保土ケ谷,1R,16.79㎡,4,35,鉄筋コンクリート,井土ケ谷,15,14,京急本線,南区,3.93,神奈川県横浜市保土ヶ谷区瀬戸ケ谷町,敷 なし / 礼 なし,https://realestate.yahoo.co.jp/rent/detail/0000088484673357f2482fb268fda8b6d4405fa3c13b/
4.5,4.0,5000,ユニーブル保土ヶ谷,1R,16.79㎡,4,36,鉄筋コンクリート,井土ケ谷,15,14,京急本線,南区,3.93,神奈川県横浜市保土ヶ谷区瀬戸ケ谷町,敷 なし / 礼 なし,https://realestate.yahoo.co.jp/rent/detail/0000014527733357f2482fb268fda8b6d4405fa3c13b/
4.5,3.5,10000,横浜市営地下鉄ブルーライン 吉野町駅 5階建 築36年,1R,16㎡,3,36,鉄筋コンクリート,吉野町,16,8,ブルーライン,南区,3.93,神奈川県横浜市磯子区上町,敷 なし / 礼 なし,https://realestate.yahoo.co.jp/rent/detail/_0000044730309c29a3b565284a2e2c42c1cf47c33281/
4.5,4.5,0,ヴィラエスポワール保土ケ谷,1R,16㎡,5,39,鉄筋コンクリート,井土ケ谷,16,14,京急本線,南区,3.93,神奈川県横浜市保土ヶ谷区岩井町,敷 なし / 礼 なし,https://realestate.yahoo.co.jp/rent/detail/00000124707198804f44839c965179707c580fb4382e/
4.5,4.0,5000,ホーユウコンフォルト白楽A棟,1R,16.38㎡,5,38,鉄筋コンクリート,三ツ沢下町,17,9,ブルーライン,神奈川区,4.71,神奈川県横浜市神奈川区六角橋4,敷 なし / 礼 なし,https://realestate.yahoo.co.jp/rent/detail/00000272187343483c010135c10dfca40c8bca66d762/
4.5,4.0,5000,レイエクセレントリバーサイド磯子,1R,16.53㎡,4,36,鉄筋コンクリート,阪東橋,18,6,ブルーライン,南区,3.93,神奈川県横浜市磯子区上町,敷 なし / 礼 4万円,https://realestate.yahoo.co.jp/rent/detail/000001010126f457e8976e5aa88cdd781484e5f3607a/
4.5,3.5,10000,レイエクセレントリバーサイド磯子,1R,16㎡,3,36,鉄筋コンクリート,阪東橋,18,6,ブルーライン,南区,3.93,神奈川県横浜市磯子区上町,敷 なし / 礼 なし,https://realestate.yahoo.co.jp/rent/detail/0000010101269c29a3b565284a2e2c42c1cf47c33281/
4.5,4.2,3000,東海道本線 戸塚駅 5階建 築39年,1R,18.24㎡,3,39,鉄筋コンクリート,戸塚,18,25,ブルーライン,戸塚区,4.08,神奈川県横浜市戸塚区下倉田町,敷 4.2万円 / 礼 なし,https://realestate.yahoo.co.jp/rent/detail/_00000373952087c9cd87e004287bfee17313d05132f3/
4.5,4.2,3000,ガーデンヒルズ横浜,1R,18.24㎡,3,39,鉄筋コンクリート,戸塚,18,25,ブルーライン,戸塚区,4.08,神奈川県横浜市戸塚区下倉田町,敷 4.2万円 / 礼 なし,https://realestate.yahoo.co.jp/rent/detail/00000129248587c9cd87e004287bfee17313d05132f3/
4.5,4.2,3000,ガーデンヒルズ横浜,1R,18.2㎡,3,39,鉄筋コンクリート,戸塚,18,25,ブルーライン,戸塚区,4.08,神奈川県横浜市戸塚区下倉田町,敷 4.2万円 / 礼 なし,https://realestate.yahoo.co.jp/rent/detail/0000012924853ea262616d649ac39261aa921abf9985/
4.5,4.0,5000,フレクション横浜保土ヶ谷,1R,16.2㎡,3,37,鉄筋コンクリート,天王町,20,14,相鉄本線,保土ケ谷区,3.99,神奈川県横浜市保土ヶ谷区岩井町,敷 なし / 礼 なし,https://realestate.yahoo.co.jp/rent/detail/0000037302206678e1059176027b30dd99bba31ac8de/
4.5,4.5,0,東海道本線 戸塚駅 3階建 築37年,1R,17.12㎡,3,37,鉄筋コンクリート,戸塚,21,25,ブルーライン,戸塚区,4.08,神奈川県横浜市戸塚区戸塚町,敷 4.5万円 / 礼 なし,https://realestate.yahoo.co.jp/rent/detail/_000004033791677ed282d47721cbd724ba9eb427bb49/
4.5,4.5,0,カサベルデ中村,1R,17㎡,3,34,鉄骨,本郷台,26,26,JR根岸線,栄区,3.34,神奈川県横浜市栄区長沼町,敷 なし / 礼 なし,https://realestate.yahoo.co.jp/rent/detail/000001631588497e91d031eec20324ed447f91b92db7/
4.5,4.5,0,Sビルコーポ,1R,17.12㎡,3,37,鉄筋コンクリート,踊場,28,28,ブルーライン,泉区,4.36,神奈川県横浜市戸塚区戸塚町,敷 4.5万円 / 礼 なし,https://realestate.yahoo.co.jp/rent/detail/000001263712677ed282d47721cbd724ba9eb427bb49/
4.6,4.4,2000,ランドール岸根公園,1R,16.3㎡,3,35,鉄筋コンクリート,岸根公園,2,15,ブルーライン,港北区,4.78,神奈川県横浜市港北区篠原町,敷 なし / 礼 なし,https://realestate.yahoo.co.jp/rent/detail/000008366193b44b3909c69831634c853c3d3f45ad9f/
4.6,4.4,2000,相模鉄道本線 天王町駅 3階建 築39年,1R,14.88㎡,3,39,鉄筋コンクリート,天王町,3,14,相鉄本線,保土ケ谷区,3.99,神奈川県横浜市保土ヶ谷区岩間町1,敷 4.4万円 / 礼 なし,https://realestate.yahoo.co.jp/rent/detail/_000002196906ae3add9f89ce15faece90d9a2d93bbf3/
4.6,4.4,2000,パレス天王町,1R,14.88㎡,3,39,鉄筋コンクリート,天王町,3,14,相鉄本線,保土ケ谷区,3.99,神奈川県横浜市保土ヶ谷区岩間町1,敷 4.4万円※ / 礼 なし,https://realestate.yahoo.co.jp/rent/detail/000002196906ae3add9f89ce15faece90d9a2d93bbf3/
4.6,4.1,5000,根岸線 山手駅 5階建 築40年,1R,15.07㎡,3,40,鉄筋コンクリート,山手,5,7,JR根岸線,中区,11.11,神奈川県横浜市中区大和町1,敷 4.1万円 / 礼 なし,https://realestate.yahoo.co.jp/rent/detail/_0000011187257a52d8e25dba60b21613c73010ba6890/
4.6,3.6,10000,トップ上永谷,1R,14.27㎡,5,40,鉄筋コンクリート,上永谷,7,18,ブルーライン,港南区,4.75,神奈川県横浜市港南区上永谷2,敷 なし / 礼 なし,https://realestate.yahoo.co.jp/rent/detail/0000067218802ba781e5facb16cfb966f3aa1bdaa576/
4.6,4.1,5000,京急本線 黄金町駅 5階建 築39年,1R,16㎡,5,39,鉄筋コンクリート,黄金町,10,10,京急本線,南区,3.93,神奈川県横浜市西区霞ケ丘,敷 なし / 礼 なし,https://realestate.yahoo.co.jp/rent/detail/_00000401717230408ac7f036052eafadd4d4c9722765/
4.6,4.1,5000,メゾン・ド・セヴェールNo.1,1R,16㎡,5,39,鉄筋コンクリート,黄金町,10,10,京急本線,南区,3.93,神奈川県横浜市西区霞ケ丘,敷 なし / 礼 なし,https://realestate.yahoo.co.jp/rent/detail/00000401717230408ac7f036052eafadd4d4c9722765/
4.6,4.6,0,横浜市営地下鉄ブルーライン 蒔田駅 5階建 築34年,1R,16.02㎡,3,34,鉄筋コンクリート,蒔田,10,10,ブルーライン,南区,3.93,神奈川県横浜市南区堀ノ内町2,敷 なし / 礼 なし,https://realestate.yahoo.co.jp/rent/detail/_000000881597a96292fbe133a0659bd650a1e1a6abb5/
4.6,4.6,0,コンドミニアム蒔田,1R,16.02㎡,3,34,鉄筋コンクリート,蒔田,10,10,ブルーライン,南区,3.93,神奈川県横浜市南区堀ノ内町2,敷 なし / 礼 なし,https://realestate.yahoo.co.jp/rent/detail/000000881597a96292fbe133a0659bd650a1e1a6abb5/
4.7,4.2,5000,クリオ蒔田壱番館,1R,19.55㎡,4,38,鉄筋コンクリート,蒔田,4,10,ブルーライン,南区,3.93,神奈川県横浜市南区榎町2,敷 なし / 礼 なし,https://realestate.yahoo.co.jp/rent/detail/0000046852517a61b719091106a580c93ac16db51740/
4.7,4.2,5000,横浜市営地下鉄ブルーライン 蒔田駅 5階建 築38年,1R,19.55㎡,4,38,鉄筋コンクリート,蒔田,4,10,ブルーライン,南区,3.93,神奈川県横浜市南区榎町2,敷 なし / 礼 なし,https://realestate.yahoo.co.jp/rent/detail/_0000056025947a61b719091106a580c93ac16db51740/
4.7,4.7,0,ポートハイツ片倉,1R,16.5㎡,3,36,木造,片倉町,5,13,ブルーライン,神奈川区,4.71,神奈川県横浜市神奈川区片倉5,敷 4.7万円 / 礼 なし,https://realestate.yahoo.co.jp/rent/detail/00000269961904640847630ff87f7e08a1769feed594/
4.7,4.5,2000,ライオンズマンション戸塚町第2,1R,16.09㎡,3,39,鉄筋コンクリート,踊場,18,28,ブルーライン,泉区,4.36,神奈川県横浜市戸塚区戸塚町,敷 なし / 礼 なし,https://realestate.yahoo.co.jp/rent/detail/000001019540d456b50143410633fc84a07199129c7b/
4.8,4.8,0,遠田ビル,1R,16.8㎡,3,38,鉄骨,上永谷,1,18,ブルーライン,港南区,4.75,神奈川県横浜市港南区丸山台2,敷 4.8万円 / 礼 4.8万円,https://realestate.yahoo.co.jp/rent/detail/000004421979afe9c0bc12590175cf4b273d76f2e473/
4.8,3.8,10000,メゾンドポワリエ,1R,16.64㎡,3,38,鉄筋コンクリート,阪東橋,2,6,ブルーライン,南区,3.93,神奈川県横浜市南区高根町3,敷 なし / 礼 なし,https://realestate.yahoo.co.jp/rent/detail/000001283602d0158cd5822c7eabde18264ccd7d694d/
4.8,3.8,10000,横浜市営地下鉄ブルーライン 阪東橋駅 11階建 築39年,1R,16.64㎡,3,39,鉄骨鉄筋コンクリート,阪東橋,2,6,ブルーライン,南区,3.93,神奈川県横浜市南区高根町3,敷 なし / 礼 なし,https://realestate.yahoo.co.jp/rent/detail/_000001283602d0158cd5822c7eabde18264ccd7d694d/
4.8,4.8,0,ヴァンハウス戸塚,1R,16.2㎡,3,35,鉄筋コンクリート,踊場,3,28,ブルーライン,泉区,4.36,神奈川県横浜市泉区中田南1,敷 4.8万円 / 礼 4.8万円,https://realestate.yahoo.co.jp/rent/detail/00000100428096459fba2a791f1602d08d0037613a76/
4.8,4.8,0,トップルーム横浜,1R,11.09㎡,5,41,鉄骨鉄筋コンクリート,戸部,6,10,京急本線,西区,14.14,神奈川県横浜市西区平沼1,敷 なし / 礼 4.8万円,https://realestate.yahoo.co.jp/rent/detail/0000008761424f813ff28bb2c640e287fae6520e6b2d/
4.8,4.3,5000,横浜市営地下鉄ブルーライン 阪東橋駅 6階建 築37年,1R,19.65㎡,3,37,鉄筋コンクリート,阪東橋,7,6,ブルーライン,南区,3.93,神奈川県横浜市南区真金町1,敷 4.3万円 / 礼 なし,https://realestate.yahoo.co.jp/rent/detail/_00000171952649a9062a371618f45cd2fde0d7166882/
4.8,4.3,5000,藤井ビル,1R,19.65㎡,3,37,鉄筋コンクリート,阪東橋,7,6,ブルーライン,南区,3.93,神奈川県横浜市南区真金町1,敷 4.3万円 / 礼 なし,https://realestate.yahoo.co.jp/rent/detail/00000171952649a9062a371618f45cd2fde0d7166882/
4.8,3.8,10000,横浜市営地下鉄ブルーライン 上永谷駅 5階建 築40年,1R,14.27㎡,5,40,鉄筋コンクリート,上永谷,7,18,ブルーライン,港南区,4.75,神奈川県横浜市港南区上永谷2,敷 なし / 礼 なし,https://realestate.yahoo.co.jp/rent/detail/_000006721880031dfad0cbc7854b8b56d06ba4162039/
4.8,4.1,7000,トップ片倉第一,1R,15.66㎡,4,39,鉄筋コンクリート,片倉町,7,13,ブルーライン,神奈川区,4.71,神奈川県横浜市神奈川区片倉4,敷 2.05万円※ / 礼 なし,https://realestate.yahoo.co.jp/rent/detail/00000231727653cd430a7e707e3eda25ac9b293d222e/
4.8,4.5,3000,相模鉄道本線 西横浜駅 10階建 築34年,1R,19.54㎡,4,34,鉄筋コンクリート,天王町,7,14,相鉄本線,保土ケ谷区,3.99,神奈川県横浜市西区久保町,敷 なし / 礼 なし,https://realestate.yahoo.co.jp/rent/detail/_0000037545157efbbc419c211617a5ffd746d1c83680/
4.8,4.5,3000,ポートハイム西横浜,1R,19.54㎡,4,34,鉄骨鉄筋コンクリート,天王町,7,14,相鉄本線,保土ケ谷区,3.99,神奈川県横浜市西区久保町,敷 なし / 礼 なし,https://realestate.yahoo.co.jp/rent/detail/0000037545157efbbc419c211617a5ffd746d1c83680/
4.8,4.3,5000,相模鉄道本線 西横浜駅 10階建 築34年,1R,16.25㎡,6,34,鉄筋コンクリート,戸部,8,10,京急本線,西区,14.14,神奈川県横浜市西区中央2,敷 なし / 礼 なし,https://realestate.yahoo.co.jp/rent/detail/_000001194158f94f7549ce619e923755ab885c4e3e11/
4.8,4.1,7000,横浜市営地下鉄ブルーライン 片倉町駅 5階建 築39年,1R,15.66㎡,4,39,鉄筋コンクリート,片倉町,9,13,ブルーライン,神奈川区,4.71,神奈川県横浜市神奈川区片倉4,敷 2.05万円 / 礼 なし,https://realestate.yahoo.co.jp/rent/detail/_00000231727653cd430a7e707e3eda25ac9b293d222e/
4.8,4.3,5000,エスポワール新横浜,1R,15.5㎡,3,35,ALC,岸根公園,10,15,ブルーライン,港北区,4.78,神奈川県横浜市港北区岸根町,敷 なし / 礼 なし,https://realestate.yahoo.co.jp/rent/detail/0000021775490cd92a052e6ea68f4f0f548d1bed3c6a/
4.8,4.3,5000,クリオ西横浜壱番館,1R,16.08㎡,3,36,鉄筋コンクリート,戸部,11,10,京急本線,西区,14.14,神奈川県横浜市西区中央2,敷 なし / 礼 なし,https://realestate.yahoo.co.jp/rent/detail/000001475864d7747edc7ab62ffa87b2168bf33a4941/
4.8,4.8,0,TOP港南台第一,1R,15.33㎡,3,39,鉄筋コンクリート,港南台,13,23,JR根岸線,港南区,4.75,神奈川県横浜市港南区港南台1,敷 なし / 礼 なし,https://realestate.yahoo.co.jp/rent/detail/000001250231bb71d256e8c941fee3ab84d217b1f825/
4.8,4.4,4000,メゾンドグラン戸塚,1R,16.5㎡,3,38,鉄筋コンクリート,中田,28,30,ブルーライン,泉区,4.36,神奈川県横浜市戸塚区戸塚町,敷 なし / 礼 なし,https://realestate.yahoo.co.jp/rent/detail/000001857135ddfaf31696c55698b3e392067b68b4e5/
4.8,4.4,4000,東海道本線 戸塚駅 地上4階建て 築38年,1R,16.5㎡,3,38,鉄筋コンクリート,中田,28,30,ブルーライン,泉区,4.36,神奈川県横浜市戸塚区戸塚町,敷 なし / 礼 なし,https://realestate.yahoo.co.jp/rent/detail/_000001857135ddfaf31696c55698b3e392067b68b4e5/
4.8,4.4,4000,ソレイユ ヤマト,1R,16.56㎡,5,41,鉄筋コンクリート,瀬谷,29,31,相鉄本線,瀬谷区,5.34,神奈川県大和市中央1,敷 なし / 礼 なし,https://realestate.yahoo.co.jp/rent/detail/0000023123988dc79816bda0c0bc93eaca3dce0d5de1/
4.9,4.6,3000,京急本線 日ノ出町駅 地下1地上11階建 築38年,1R,15㎡,5,38,鉄骨鉄筋コンクリート,日ノ出町,1,8,京急本線,中区,11.11,神奈川県横浜市中区日ノ出町1,敷 なし / 礼 なし,https://realestate.yahoo.co.jp/rent/detail/_000001783208abd04e852e9b284a6d79ca33479c3c82/
4.9,4.4,5000,ライオンズステーションプラザ磯子,1R,17.1㎡,5,36,鉄骨鉄筋コンクリート,磯子,2,13,JR根岸線,磯子区,4.36,神奈川県横浜市磯子区森1,敷 なし / 礼 なし,https://realestate.yahoo.co.jp/rent/detail/000003938065413e54af5e490e5724ea5aa9656a5056/
4.9,4.4,5000,根岸線 磯子駅 9階建 築36年,1R,17.1㎡,5,36,鉄骨鉄筋コンクリート,磯子,2,13,JR根岸線,磯子区,4.36,神奈川県横浜市磯子区森1,敷 なし / 礼 なし,https://realestate.yahoo.co.jp/rent/detail/_000003938065413e54af5e490e5724ea5aa9656a5056/
4.9,4.4,5000,スカイコート横浜山手,1R,15.07㎡,5,40,鉄筋コンクリート,山手,5,7,JR根岸線,中区,11.11,神奈川県横浜市中区大和町1,敷 4.4万円 / 礼 なし,https://realestate.yahoo.co.jp/rent/detail/0000011187257c9ef534a3f1e7d6a41897ac9beb6548/
4.9,4.4,5000,セントレー伊勢佐木,1R,19.1㎡,4,36,鉄骨鉄筋コンクリート,伊勢佐木長者町,5,4,ブルーライン,中区,11.11,神奈川県横浜市南区真金町1,敷 なし / 礼 なし,https://realestate.yahoo.co.jp/rent/detail/000002036070a9bd162b51258683f14ef4650c80ebd8/
4.9,4.3,6000,ライオンズマンション横浜ウエスト,1R,16.72㎡,7,41,鉄骨鉄筋コンクリート,天王町,5,14,相鉄本線,保土ケ谷区,3.99,神奈川県横浜市西区南浅間町,敷 なし / 礼 なし,https://realestate.yahoo.co.jp/rent/detail/00000115415107c705f27fa570283bdd85f9eaafc3a9/
4.9,4.3,6000,横浜市営地下鉄ブルーライン 阪東橋駅 5階建 築39年,1R,16㎡,3,39,鉄筋コンクリート,阪東橋,9,6,ブルーライン,南区,3.93,神奈川県横浜市南区中村町4,敷 なし / 礼 なし,https://realestate.yahoo.co.jp/rent/detail/_00000087521869849b03892acb20f74e77a373d1ec31/
4.9,4.9,0,横浜市営地下鉄ブルーライン 片倉町駅 4階建 築39年,1R,19.44㎡,3,39,鉄骨,片倉町,10,13,ブルーライン,神奈川区,4.71,神奈川県横浜市神奈川区三枚町,敷 4.9万円 / 礼 なし,https://realestate.yahoo.co.jp/rent/detail/_0000009855786eb18189de42af509e34a2634569d443/
4.9,4.9,0,コーポラス城田,1R,19.44㎡,3,39,鉄骨,片倉町,10,13,ブルーライン,神奈川区,4.71,神奈川県横浜市神奈川区三枚町,敷 4.9万円 / 礼 なし,https://realestate.yahoo.co.jp/rent/detail/0000009855786eb18189de42af509e34a2634569d443/
4.9,4.9,0,日神パレステージ根岸,1R,16.92㎡,3,35,鉄筋コンクリート,根岸,20,10,JR根岸線,中区,11.11,神奈川県横浜市磯子区丸山2,敷 4.9万円 / 礼 なし,https://realestate.yahoo.co.jp/rent/detail/000001214444daae4110c63fc1d64ce2bbbee84b0665/
4.95,4.8,1500,リアークビルディング,1R,21.38㎡,3,39,鉄骨鉄筋コンクリート,星川,6,16,相鉄本線,保土ケ谷区,3.99,神奈川県横浜市保土ヶ谷区峰岡町2,敷 なし / 礼 なし,https://realestate.yahoo.co.jp/rent/detail/000008880958c5f7f307276a034d581e8adc0b31e5ec/
4.95,4.8,1500,リアークビルディング,1R,20.26㎡,3,39,鉄骨鉄筋コンクリート,星川,6,16,相鉄本線,保土ケ谷区,3.99,神奈川県横浜市保土ヶ谷区峰岡町2,敷 なし / 礼 なし,https://realestate.yahoo.co.jp/rent/detail/000008880958371a35bd8fc1c3dbab71341ca6e52683/
5.0,4.0,10000,京急本線 黄金町駅 5階建 築39年,1R,16.24㎡,5,39,鉄筋コンクリート,黄金町,2,10,京急本線,南区,3.93,神奈川県横浜市中区英町,敷 なし / 礼 なし,https://realestate.yahoo.co.jp/rent/detail/_00000563000149a62938eef4d31291e901ca29104a94/
5.0,4.0,10000,マリオン横浜英町,1R,16.24㎡,5,39,鉄筋コンクリート,黄金町,2,10,京急本線,南区,3.93,神奈川県横浜市中区英町,敷 なし / 礼 なし,https://realestate.yahoo.co.jp/rent/detail/00000563000149a62938eef4d31291e901ca29104a94/
5.0,4.7,3000,ユーコート三ツ境,1R,16.42㎡,3,34,鉄筋コンクリート,三ツ境,4,28,相鉄本線,瀬谷区,5.34,神奈川県横浜市旭区笹野台1,敷 なし / 礼 なし,https://realestate.yahoo.co.jp/rent/detail/000002607601b4dd71e0c92a6e15077116c8d26b8406/
5.0,4.4,6000,スカイコート横浜平沼,1R,16.27㎡,4,40,鉄骨鉄筋コンクリート,高島町,6,5,ブルーライン,西区,14.14,神奈川県横浜市西区平沼1,敷 4.4万円 / 礼 4.4万円,https://realestate.yahoo.co.jp/rent/detail/00000123084302723aab540954fa433578f3be632dfa/
5.0,4.8,2000,グレイス田代,1R,18㎡,3,38,鉄骨,片倉町,6,13,ブルーライン,神奈川区,4.71,神奈川県横浜市神奈川区三枚町,敷 なし / 礼 なし,https://realestate.yahoo.co.jp/rent/detail/0000012418836e66d5f380f37c259aced7e955866eef/
5.0,4.5,5000,京急本線 黄金町駅 5階建 築40年,1R,18.72㎡,5,40,鉄筋コンクリート,阪東橋,7,6,ブルーライン,南区,3.93,神奈川県横浜市南区前里町2,敷 なし / 礼 なし,https://realestate.yahoo.co.jp/rent/detail/_000001025563b93b3babf44066ea6327e23ebae3c101/
5.0,4.5,5000,ライオンズマンション伊勢佐木町西,1R,19.27㎡,5,39,鉄筋コンクリート,阪東橋,8,6,ブルーライン,南区,3.93,神奈川県横浜市中区黄金町1,敷 なし / 礼 なし,https://realestate.yahoo.co.jp/rent/detail/000004158609b65dffb57253eff9fe549afa993afdbf/
5.0,4.5,5000,横浜市営地下鉄ブルーライン 阪東橋駅 5階建 築39年,1R,16㎡,3,39,鉄筋コンクリート,阪東橋,9,6,ブルーライン,南区,3.93,神奈川県横浜市南区中村町4,敷 なし / 礼 なし,https://realestate.yahoo.co.jp/rent/detail/_000000875218d997d8ad66dbeed04e9751d5838008a5/
5.0,4.5,5000,ロイヤル石川町,1R,11.18㎡,9,41,鉄骨鉄筋コンクリート,伊勢佐木長者町,10,4,ブルーライン,中区,11.11,神奈川県横浜市中区松影町3,敷 なし / 礼 なし,https://realestate.yahoo.co.jp/rent/detail/000000883763adef9f4cbc9b8be566d857dcfacd2749/
5.0,4.5,5000,根岸線 石川町駅 9階建 築41年,1R,11.18㎡,9,41,鉄骨鉄筋コンクリート,伊勢佐木長者町,10,4,ブルーライン,中区,11.11,神奈川県横浜市中区松影町3,敷 なし / 礼 なし,https://realestate.yahoo.co.jp/rent/detail/_000000883763adef9f4cbc9b8be566d857dcfacd2749/
5.0,4.5,5000,メゾン・ド・フレシール,1R,16㎡,3,39,鉄筋コンクリート,阪東橋,10,6,ブルーライン,南区,3.93,神奈川県横浜市南区中村町4,敷 なし / 礼 なし,https://realestate.yahoo.co.jp/rent/detail/000000875218d997d8ad66dbeed04e9751d5838008a5/
5.0,5.0,0,横浜市営地下鉄ブルーライン 三ツ沢上町駅 4階建 築35年,1R,16㎡,3,35,鉄筋コンクリート,三ツ沢上町,10,11,ブルーライン,神奈川区,4.71,神奈川県横浜市神奈川区三ツ沢西町,敷 なし / 礼 5万円,https://realestate.yahoo.co.jp/rent/detail/_000001085865f787ecdfccc8a5652aae9992a0c9a0c4/
5.0,5.0,0,ウィン大船,1R,16.53㎡,3,36,鉄筋コンクリート,本郷台,13,26,JR根岸線,栄区,3.34,神奈川県横浜市栄区小菅ケ谷2,敷 5万円※ / 礼 なし,https://realestate.yahoo.co.jp/rent/detail/00000261457722458ed82566e146716bab5b4357efcf/
5.0,5.0,0,根岸線 本郷台駅 3階建 築36年,1R,16.53㎡,3,36,鉄筋コンクリート,本郷台,15,26,JR根岸線,栄区,3.34,神奈川県横浜市栄区小菅ケ谷2,敷 なし / 礼 なし,https://realestate.yahoo.co.jp/rent/detail/_00000261457722458ed82566e146716bab5b4357efcf/
5.0,4.5,5000,ホーユウコンフォルト白楽A棟,1R,16.38㎡,5,38,鉄筋コンクリート,三ツ沢下町,17,9,ブルーライン,神奈川区,4.71,神奈川県横浜市神奈川区六角橋4,敷 なし / 礼 なし,https://realestate.yahoo.co.jp/rent/detail/0000027218736118c5dd6e69b4585f3af71c34614a57/
5.0,4.3,7000,スカイコート保土ヶ谷,1R,16.2㎡,3,38,鉄筋コンクリート,井土ケ谷,18,14,京急本線,南区,3.93,神奈川県横浜市保土ヶ谷区瀬戸ケ谷町,敷 4万円 / 礼 なし,https://realestate.yahoo.co.jp/rent/detail/0000012356369b6dc53aea64eb79af59c95e2b349840/
5.05,4.7,3500,西戸部ダイヤモンドパレス,1R,16.2㎡,3,37,鉄筋コンクリート,日ノ出町,12,8,京急本線,中区,11.11,神奈川県横浜市西区西戸部町1,敷 4.7万円 / 礼 なし,https://realestate.yahoo.co.jp/rent/detail/000006829970cf1be50ec936a5c368c769862cb3a060/
5.07,4.6,4700,横浜市営地下鉄ブルーライン 弘明寺駅 5階建 築39年,1R,16.35㎡,5,39,鉄筋コンクリート,弘明寺(市営),2,12,ブルーライン,南区,3.93,神奈川県横浜市南区大岡2,敷 なし / 礼 なし,https://realestate.yahoo.co.jp/rent/detail/_00000087531763d5a22c6a0b001f078026c358b6f1f2/
5.1,4.6,5000,日神パレステージ伊勢佐木南,1R,20.21㎡,8,35,鉄骨鉄筋コンクリート,吉野町,4,8,ブルーライン,南区,3.93,神奈川県横浜市南区高砂町1,敷 なし / 礼 なし,https://realestate.yahoo.co.jp/rent/detail/000003187259f2fe2b1678f3ae88148f054e4c12635e/
5.1,5.1,0,イーリス新川町,1R,18㎡,5,39,鉄筋コンクリート,吉野町,5,8,ブルーライン,南区,3.93,神奈川県横浜市南区新川町5,敷 5.1万円 / 礼 なし,https://realestate.yahoo.co.jp/rent/detail/00000656860669264b9ad7744d43cab267fed6af125e/
5.1,4.6,5000,京急本線 戸部駅 9階建 築39年,1R,16.74㎡,4,39,鉄筋コンクリート,高島町,5,5,ブルーライン,西区,14.14,神奈川県横浜市西区戸部本町,敷 なし / 礼 なし,https://realestate.yahoo.co.jp/rent/detail/_0000009882573862b80c2318001b37ab081cc1810b51/
5.1,4.7,4000,スプリーム横浜,1R,16.12㎡,4,36,鉄筋コンクリート,三ツ沢上町,5,11,ブルーライン,神奈川区,4.71,神奈川県横浜市保土ヶ谷区岡沢町,敷 なし / 礼 なし,https://realestate.yahoo.co.jp/rent/detail/000001215721b50e1cf1fad8b3828e07f0e892ed1dbf/
5.1,4.6,5000,クリオ戸部壱番館,1R,16.74㎡,4,39,鉄筋コンクリート,高島町,6,5,ブルーライン,西区,14.14,神奈川県横浜市西区戸部本町,敷 なし / 礼 なし,https://realestate.yahoo.co.jp/rent/detail/0000009882573862b80c2318001b37ab081cc1810b51/
5.1,4.6,5000,横浜市営地下鉄ブルーライン 吉野町駅 11階建 築35年,1R,20.21㎡,8,35,鉄骨鉄筋コンクリート,阪東橋,8,6,ブルーライン,南区,3.93,神奈川県横浜市南区高砂町1,敷 なし / 礼 なし,https://realestate.yahoo.co.jp/rent/detail/_000003187259f2fe2b1678f3ae88148f054e4c12635e/
5.1,4.6,5000,ライオンズマンション伊勢佐木町西,1R,16.2㎡,6,39,鉄筋コンクリート,阪東橋,8,6,ブルーライン,南区,3.93,神奈川県横浜市中区黄金町1,敷 なし / 礼 4.6万円,https://realestate.yahoo.co.jp/rent/detail/000004158609ec66412c2f163fbe6a223e3342ee1ff0/
5.1,4.6,5000,パピリオーテ西横浜,1R,16.76㎡,6,52,鉄筋コンクリート,天王町,10,14,相鉄本線,保土ケ谷区,3.99,神奈川県横浜市西区浜松町,敷 なし / 礼 なし,https://realestate.yahoo.co.jp/rent/detail/00000314039287eb35668c413e4c2daffd994c3a33ee/
5.1,4.8,3000,相模鉄道本線 西横浜駅 8階建 築52年,1R,16.76㎡,3,52,鉄骨鉄筋コンクリート,戸部,12,10,京急本線,西区,14.14,神奈川県横浜市西区浜松町,敷 なし / 礼 なし,https://realestate.yahoo.co.jp/rent/detail/_000003140392e3a33f630a71bde8752b93f2fa3d4319/
5.1,4.6,5000,相模鉄道本線 西横浜駅 8階建 築52年,1R,16.76㎡,6,52,鉄骨鉄筋コンクリート,戸部,12,10,京急本線,西区,14.14,神奈川県横浜市西区浜松町,敷 なし / 礼 なし,https://realestate.yahoo.co.jp/rent/detail/_00000314039287eb35668c413e4c2daffd994c3a33ee/
5.1,4.6,5000,パピリオーテ西横浜,1R,18.1㎡,6,52,鉄筋コンクリート,戸部,12,10,京急本線,西区,14.14,神奈川県横浜市西区浜松町,敷 なし / 礼 なし,https://realestate.yahoo.co.jp/rent/detail/000003140392f4c427b4138cacfedad1abbcd7baf6e8/
5.1,4.8,3000,パピリオーテ西横浜,1R,16.76㎡,3,52,鉄筋コンクリート,戸部,12,10,京急本線,西区,14.14,神奈川県横浜市西区浜松町,敷 なし / 礼 なし,https://realestate.yahoo.co.jp/rent/detail/000003140392e3a33f630a71bde8752b93f2fa3d4319/
5.1,4.8,3000,ライオンズマンション磯子第3,1R,16.64㎡,4,35,鉄骨鉄筋コンクリート,磯子,13,13,JR根岸線,磯子区,4.36,神奈川県横浜市磯子区磯子2,敷 なし / 礼 なし,https://realestate.yahoo.co.jp/rent/detail/0000041392124bdb60286a18f703f8085524d41d5c92/
5.1,4.8,3000,京浜東北線 磯子駅 7階建 築35年,1R,16.64㎡,4,35,鉄骨鉄筋コンクリート,磯子,14,13,JR根岸線,磯子区,4.36,神奈川県横浜市磯子区磯子2,敷 なし / 礼 なし,https://realestate.yahoo.co.jp/rent/detail/_000004139212c5328389c94ea9f2379ddd4a984d274b/
5.15,4.55,6000,ライオンズマンション伊勢佐木町通り,1R,16.95㎡,6,36,鉄骨鉄筋コンクリート,阪東橋,7,6,ブルーライン,南区,3.93,神奈川県横浜市中区伊勢佐木町5,敷 なし / 礼 なし,https://realestate.yahoo.co.jp/rent/detail/000003977124cf38987c6aa49fb9c2189235791eae3e/
5.2,5.0,2000,どえる田園ガーデン山,1R,20.41㎡,4,43,鉄筋コンクリート,三ツ沢下町,4,9,ブルーライン,神奈川区,4.71,神奈川県横浜市神奈川区松ケ丘,敷 なし / 礼 なし,https://realestate.yahoo.co.jp/rent/detail/00000173408254e146c973c50ad34d4366ace2658875/
5.2,5.2,0,ビッグヴァンステイツ横浜大通り公園,1R,16.3㎡,4,36,鉄骨鉄筋コンクリート,伊勢佐木長者町,5,4,ブルーライン,中区,11.11,神奈川県横浜市南区真金町2,敷 なし / 礼 なし,https://realestate.yahoo.co.jp/rent/detail/0000047873198b16ca06702b161f424bb24aafa6f5a5/
5.2,4.8,4000,横浜市営地下鉄ブルーライン 阪東橋駅 7階建 築35年,1R,16.64㎡,4,35,鉄筋コンクリート,阪東橋,7,6,ブルーライン,南区,3.93,神奈川県横浜市南区中村町4,敷 なし / 礼 なし,https://realestate.yahoo.co.jp/rent/detail/_0000040296290a56f8bab25a0bf2e986bb64f086a63c/
5.2,5.2,0,ビケンアーバンス,1R,17.39㎡,4,36,鉄骨,片倉町,7,13,ブルーライン,神奈川区,4.71,神奈川県横浜市神奈川区片倉4,敷 なし / 礼 5.2万円,https://realestate.yahoo.co.jp/rent/detail/00000100158390f959021368d3a03c61c4b49ab79041/
5.2,5.2,0,ビケンアーバンス,1R,17.8㎡,4,36,鉄骨,片倉町,7,13,ブルーライン,神奈川区,4.71,神奈川県横浜市神奈川区片倉4,敷 なし / 礼 5.2万円,https://realestate.yahoo.co.jp/rent/detail/000001001583189d3edc5950e56bbcbeeca7679982c2/
5.2,5.2,0,横浜市営地下鉄ブルーライン 片倉町駅 5階建 築36年,1R,17.43㎡,4,36,鉄骨,片倉町,7,13,ブルーライン,神奈川区,4.71,神奈川県横浜市神奈川区片倉4,敷 なし / 礼 5.2万円,https://realestate.yahoo.co.jp/rent/detail/_000001198940beb463f33a7ecee58f10892c703a0fda/
5.2,5.2,0,第7スミトモビル,1R,19.53㎡,5,38,鉄骨,戸部,7,10,京急本線,西区,14.14,神奈川県横浜市西区中央2,敷 5.2万円 / 礼 5.2万円,https://realestate.yahoo.co.jp/rent/detail/00000184904144f6aa1ad19c77c7792cf1bb6a2780f1/
5.2,4.9,3000,横浜南プラザ,1R,18.3㎡,10,34,鉄骨鉄筋コンクリート,伊勢佐木長者町,14,4,ブルーライン,中区,11.11,神奈川県横浜市南区浦舟町1,敷 なし / 礼 なし,https://realestate.yahoo.co.jp/rent/detail/000001281047a4481a39fa0b3c108ae1b03c1b306900/
5.2,4.9,3000,ヒルトップ霞ヶ丘,1R,17.12㎡,3,35,鉄筋コンクリート,日ノ出町,15,8,京急本線,中区,11.11,神奈川県横浜市西区霞ケ丘,敷 なし / 礼 4.9万円,https://realestate.yahoo.co.jp/rent/detail/0000017571565e48a1b3be403ed963351b405950cb8a/
5.2,5.2,0,リバー綱島,1R,17㎡,4,21,鉄骨,新横浜,119,17,ブルーライン,港北区,4.78,神奈川県横浜市港北区樽町4,敷 5.5万円※ / 礼 なし,https://realestate.yahoo.co.jp/rent/detail/000001307343bab70138a1a40bdee9dac6fb30ca2ec2/
5.25,4.9,3500,湘南モノレール江の島線 湘南町屋駅 3階建 築32年,1R,20.12㎡,3,32,鉄骨,大船,40,30,JR根岸線,栄区/鎌倉市,3.34,神奈川県藤沢市村岡東1,敷 なし / 礼 なし,https://realestate.yahoo.co.jp/rent/detail/_000006014146aa5cf5224edcb6beb113beaa6391719a/
5.25,4.9,3500,キュービック湘南 壱番館,1R,20.12㎡,3,32,鉄骨,大船,40,30,JR根岸線,栄区/鎌倉市,3.34,神奈川県藤沢市村岡東1丁目,敷 なし / 礼 なし,https://realestate.yahoo.co.jp/rent/detail/000001579472aa5cf5224edcb6beb113beaa6391719a/
5.3,4.8,5000,ライオンズマンション吉野町第8,1R,16.1㎡,5,38,鉄骨鉄筋コンクリート,吉野町,2,8,ブルーライン,南区,3.93,神奈川県横浜市南区二葉町3,敷 なし / 礼 なし,https://realestate.yahoo.co.jp/rent/detail/000001011127d27d5d2579c6a3085b192d84f1ad3e1b/
5.3,4.6,7000,ライオンズプラザヨコハマ戸部,1R,16.5㎡,5,38,鉄骨鉄筋コンクリート,戸部,2,10,京急本線,西区,14.14,神奈川県横浜市西区中央1,敷 なし / 礼 2.3万円,https://realestate.yahoo.co.jp/rent/detail/000003757606025b605e0b4a98d3be6717cf1b468938/
5.3,4.8,5000,横浜市営地下鉄ブルーライン 吉野町駅 6階建 築44年,1R,17.4㎡,6,44,鉄筋コンクリート,吉野町,3,8,ブルーライン,南区,3.93,神奈川県横浜市南区南吉田町2,敷 なし / 礼 なし,https://realestate.yahoo.co.jp/rent/detail/_0000053890075b7692e5454754028534ee25153b98c4/
5.3,4.8,5000,ライオンズマンション吉野町第2,1R,17.4㎡,6,44,鉄筋コンクリート,吉野町,3,8,ブルーライン,南区,3.93,神奈川県横浜市南区南吉田町2,敷 なし / 礼 なし,https://realestate.yahoo.co.jp/rent/detail/0000021103735b7692e5454754028534ee25153b98c4/
5.3,5.2,1000,日神パレステージ伊勢佐木南,1R,20.21㎡,9,35,鉄骨鉄筋コンクリート,吉野町,4,8,ブルーライン,南区,3.93,神奈川県横浜市南区高砂町1,敷 5.2万円 / 礼 5.2万円,https://realestate.yahoo.co.jp/rent/detail/0000031872598085f60ac5dec9fd1f8e512cae296258/
5.3,5.1,2000,どえる田園ガーデン山,1R,20.41㎡,4,43,鉄筋コンクリート,三ツ沢下町,4,9,ブルーライン,神奈川区,4.71,神奈川県横浜市神奈川区松ケ丘,敷 なし / 礼 なし,https://realestate.yahoo.co.jp/rent/detail/000001734082fd54a4e0c909f9a28a1ea88df503369d/
5.3,5.1,2000,横浜市営地下鉄ブルーライン 三ツ沢下町駅 5階建 築43年,1R,20.41㎡,4,43,鉄筋コンクリート,三ツ沢下町,4,9,ブルーライン,神奈川区,4.71,神奈川県横浜市神奈川区松ケ丘,敷 なし / 礼 なし,https://realestate.yahoo.co.jp/rent/detail/_000001734082fd54a4e0c909f9a28a1ea88df503369d/
5.3,5.0,3000,クレセントY,1R,16.01㎡,4,32,鉄筋コンクリート,黄金町,4,10,京急本線,南区,3.93,神奈川県横浜市西区赤門町2,敷 なし / 礼 なし,https://realestate.yahoo.co.jp/rent/detail/00000196400880b5522bb282962d9bb7b7aef2eda399/
5.3,4.32,9800,セントヒルズ星川,1R,16㎡,5,39,鉄筋コンクリート,星川,4,16,相鉄本線,保土ケ谷区,3.99,神奈川県横浜市保土ヶ谷区峰岡町1,敷 なし / 礼 なし,https://realestate.yahoo.co.jp/rent/detail/0000029686190008b03a17b72fbd5be4e8e1d8dd414e/
5.3,4.9,4000,スカイガーデン,1R,16.17㎡,5,33,鉄筋コンクリート,伊勢佐木長者町,5,4,ブルーライン,中区,11.11,神奈川県横浜市南区真金町2,敷 なし / 礼 なし,https://realestate.yahoo.co.jp/rent/detail/00000114103621a43e43641233d8ad81b8e4e7bb0d86/
5.3,5.0,3000,第7Z西村ビル,1R,13㎡,4,62,鉄筋コンクリート,伊勢佐木長者町,5,4,ブルーライン,中区,11.11,神奈川県横浜市中区長者町1,敷 5万円 / 礼 なし,https://realestate.yahoo.co.jp/rent/detail/000002019023b314f0731603ed7613d4037546e73564/
5.3,5.0,3000,横浜市営地下鉄ブルーライン 伊勢佐木長者町駅 6階建 築62年,1R,13㎡,4,62,鉄筋コンクリート,伊勢佐木長者町,5,4,ブルーライン,中区,11.11,神奈川県横浜市中区長者町1,敷 5万円 / 礼 なし,https://realestate.yahoo.co.jp/rent/detail/_000001271500b314f0731603ed7613d4037546e73564/
5.3,5.0,3000,クリオ吉野町弐番館,1R,16.28㎡,6,36,鉄筋コンクリート,吉野町,5,8,ブルーライン,南区,3.93,神奈川県横浜市南区宮元町1,敷 5万円 / 礼 なし,https://realestate.yahoo.co.jp/rent/detail/000001220925ab157f295c9d589d7f708e8b81e385bf/
5.3,4.9,4000,シンペテンボスビル,1R,18.24㎡,4,34,鉄筋コンクリート,中田,5,30,ブルーライン,泉区,4.36,神奈川県横浜市泉区中田南4,敷 4.9万円 / 礼 なし,https://realestate.yahoo.co.jp/rent/detail/0000022007784a2eccd73edfe1d8de3867c237787c26/
5.3,4.6,7000,京急本線 戸部駅 9階建 築39年,1R,16.5㎡,5,39,鉄骨鉄筋コンクリート,戸部,5,10,京急本線,西区,14.14,神奈川県横浜市西区中央1,敷 なし / 礼 2.3万円,https://realestate.yahoo.co.jp/rent/detail/_000003757606025b605e0b4a98d3be6717cf1b468938/
5.3,4.7,6000,スカイコート横浜平沼,1R,16㎡,6,40,鉄骨鉄筋コンクリート,高島町,6,5,ブルーライン,西区,14.14,神奈川県横浜市西区平沼1,敷 4.7万円※ / 礼 4.7万円※,https://realestate.yahoo.co.jp/rent/detail/000001230843d4b0fff590d509230fd7e242f1e25576/
5.3,4.8,5000,トップルーム横浜,1R,11.1㎡,10,41,鉄骨鉄筋コンクリート,戸部,6,10,京急本線,西区,14.14,神奈川県横浜市西区平沼1,敷 なし / 礼 なし,https://realestate.yahoo.co.jp/rent/detail/0000008761427e6b499713fad4d2c82ad7177099a048/
5.3,4.8,5000,横浜南プラザ,1R,18.3㎡,3,35,鉄筋コンクリート,阪東橋,7,6,ブルーライン,南区,3.93,神奈川県横浜市南区浦舟町1,敷 なし / 礼 なし,https://realestate.yahoo.co.jp/rent/detail/0000012810476a571219ec77f8c22f9b13e236865c45/
5.3,5.3,0,スターゲイツ阪東橋,1R,16.61㎡,4,35,鉄筋コンクリート,阪東橋,8,6,ブルーライン,南区,3.93,神奈川県横浜市南区中村町4,敷 なし / 礼 なし,https://realestate.yahoo.co.jp/rent/detail/000001830633a470496a3a5e24d866e78c60768c5d4d/
5.3,5.2,1000,横浜市営地下鉄ブルーライン 吉野町駅 11階建 築35年,1R,20.21㎡,9,35,鉄骨鉄筋コンクリート,阪東橋,8,6,ブルーライン,南区,3.93,神奈川県横浜市南区高砂町1,敷 5.2万円 / 礼 5.2万円,https://realestate.yahoo.co.jp/rent/detail/_0000031872598085f60ac5dec9fd1f8e512cae296258/
5.3,5.3,0,横浜市営地下鉄ブルーライン 阪東橋駅 5階建 築35年,1R,16.61㎡,4,35,鉄筋コンクリート,阪東橋,8,6,ブルーライン,南区,3.93,神奈川県横浜市南区中村町4,敷 なし / 礼 なし,https://realestate.yahoo.co.jp/rent/detail/_000001830633a470496a3a5e24d866e78c60768c5d4d/
5.3,4.8,5000,横浜市営地下鉄ブルーライン 阪東橋駅 7階建 築35年,1R,16.64㎡,3,35,鉄筋コンクリート,吉野町,8,8,ブルーライン,南区,3.93,神奈川県横浜市南区中村町4,敷 なし / 礼 なし,https://realestate.yahoo.co.jp/rent/detail/_0000040296299d6f55246d7b7ef5cea0b90b3d864481/
5.3,5.2,1000,びんごハイツII,1R,19.9㎡,3,32,軽量鉄骨,三ツ沢下町,10,9,ブルーライン,神奈川区,4.71,神奈川県横浜市神奈川区神大寺2,敷 なし / 礼 なし,https://realestate.yahoo.co.jp/rent/detail/000002783590111623dadd31a90c9d09ef555c2d704d/
5.3,4.3,10000,ライオンズマンション元町,1R,16.5㎡,3,44,鉄骨鉄筋コンクリート,伊勢佐木長者町,13,4,ブルーライン,中区,11.11,神奈川県横浜市中区石川町3,敷 なし / 礼 なし,https://realestate.yahoo.co.jp/rent/detail/0000029082777896fc026a04a76b84252d11fca21ce7/
5.3,4.8,5000,ラ・パルフェ・ド・セヴェールNo．4,1R,16.25㎡,3,37,鉄筋コンクリート,日ノ出町,14,8,京急本線,中区,11.11,神奈川県横浜市西区霞ケ丘,敷 なし / 礼 なし,https://realestate.yahoo.co.jp/rent/detail/0000025668904f42f72f7174f9d51cb972782504f456/
5.3,4.8,5000,ラ・パルフェ・ド・セヴェールN ．4,1R,16.25㎡,3,37,鉄筋コンクリート,阪東橋,15,6,ブルーライン,南区,3.93,神奈川県横浜市西区霞ケ丘,敷 なし / 礼 なし,https://realestate.yahoo.co.jp/rent/detail/0000088605764f42f72f7174f9d51cb972782504f456/
5.3,5.0,3000,横浜高速鉄道みなとみらい線 日本大通り駅 6階建 築62年,1R,13㎡,4,62,鉄筋コンクリート,日ノ出町,16,8,京急本線,中区,11.11,神奈川県横浜市中区長者町1,敷 5万円 / 礼 なし,https://realestate.yahoo.co.jp/rent/detail/_000001271500b314f0731603ed7613d4037546e73564/
5.3,4.8,5000,ハイタウン大倉山第3,1R,16.06㎡,3,40,鉄筋コンクリート,新横浜,25,17,ブルーライン,港北区,4.78,神奈川県横浜市港北区大倉山1,敷 なし / 礼 4.8万円,https://realestate.yahoo.co.jp/rent/detail/0000024713537d6a4f895666ee40e48d16dd454b8487/
5.4,4.9,5000,横浜市営地下鉄ブルーライン 阪東橋駅 7階建 築38年,1R,16.05㎡,3,38,鉄筋コンクリート,阪東橋,5,6,ブルーライン,南区,3.93,神奈川県横浜市南区真金町1,敷 なし / 礼 なし,https://realestate.yahoo.co.jp/rent/detail/_000007952306a5a70a9494d692490ff7908b63f9603c/
5.4,4.9,5000,日興パレス大通り公園,1R,16.05㎡,3,38,鉄筋コンクリート,阪東橋,5,6,ブルーライン,南区,3.93,神奈川県横浜市南区真金町1,敷 なし / 礼 なし,https://realestate.yahoo.co.jp/rent/detail/000007952306a5a70a9494d692490ff7908b63f9603c/
5.4,4.9,5000,横浜市営地下鉄ブルーライン 蒔田駅 6階建 築44年,1R,23.66㎡,3,44,鉄筋コンクリート,蒔田,5,10,ブルーライン,南区,3.93,神奈川県横浜市南区中島町2,敷 4.9万円 / 礼 なし,https://realestate.yahoo.co.jp/rent/detail/_0000011206303f60dfdad244409ce723a36fe6305b60/
5.4,4.9,5000,GSハイム蒔田,1R,23.66㎡,3,44,鉄筋コンクリート,蒔田,5,10,ブルーライン,南区,3.93,神奈川県横浜市南区中島町2,敷 4.9万円 / 礼 なし,https://realestate.yahoo.co.jp/rent/detail/0000011206303f60dfdad244409ce723a36fe6305b60/
5.4,4.9,5000,相模鉄道本線 平沼橋駅 6階建 築41年,1R,16.5㎡,6,41,鉄筋コンクリート,戸部,6,10,京急本線,西区,14.14,神奈川県横浜市西区平沼2,敷 なし / 礼 なし,https://realestate.yahoo.co.jp/rent/detail/_0000048622941b043b6a76d5d3b2ba45c06d03341c0b/
5.4,5.1,3000,森島ビルII,1R,15.6㎡,3,34,鉄骨,伊勢佐木長者町,7,4,ブルーライン,中区,11.11,神奈川県横浜市中区長者町1,敷 なし / 礼 なし,https://realestate.yahoo.co.jp/rent/detail/0000029930095e9f53b83bfd511cebcf45c96c9558a9/
5.4,5.1,3000,森島ビルII,1R,15㎡,3,34,鉄骨,伊勢佐木長者町,7,4,ブルーライン,中区,11.11,神奈川県横浜市中区長者町1,敷 なし / 礼 なし,https://realestate.yahoo.co.jp/rent/detail/0000029930099531af322300d81df590920e26568494/
5.4,4.4,10000,ポートハイム西横浜,1R,19.17㎡,5,34,鉄骨鉄筋コンクリート,天王町,7,14,相鉄本線,保土ケ谷区,3.99,神奈川県横浜市西区久保町,敷 なし / 礼 なし,https://realestate.yahoo.co.jp/rent/detail/000003754515249911566f9cc76421455ba659473a4b/
5.4,5.1,3000,横浜市営地下鉄ブルーライン 伊勢佐木長者町駅 5階建 築34年,1R,15.6㎡,3,34,鉄骨,伊勢佐木長者町,8,4,ブルーライン,中区,11.11,神奈川県横浜市中区長者町1,敷 なし / 礼 なし,https://realestate.yahoo.co.jp/rent/detail/_0000029930095e9f53b83bfd511cebcf45c96c9558a9/
5.4,5.1,3000,横浜市営地下鉄ブルーライン 伊勢佐木長者町駅 5階建 築34年,1R,15㎡,3,34,鉄骨,伊勢佐木長者町,8,4,ブルーライン,中区,11.11,神奈川県横浜市中区長者町1,敷 なし / 礼 なし,https://realestate.yahoo.co.jp/rent/detail/_0000029930099531af322300d81df590920e26568494/
5.4,5.1,3000,ダイアパレス三ツ沢公園東館,1R,16.98㎡,3,35,鉄筋コンクリート,三ツ沢上町,10,11,ブルーライン,神奈川区,4.71,神奈川県横浜市神奈川区三ツ沢西町,敷 なし / 礼 なし,https://realestate.yahoo.co.jp/rent/detail/00000698761243e1b8862c41a898e62e50fb40b827ba/
5.4,4.9,5000,シャルム白楽,1R,16.82㎡,5,30,鉄骨,岸根公園,15,15,ブルーライン,港北区,4.78,神奈川県横浜市神奈川区六角橋1,敷 4.9万円※ / 礼 なし,https://realestate.yahoo.co.jp/rent/detail/000001253501adc1c68d2abd3a041cfabb6df0f3f86f/
5.5,5.2,3000,パークハイム能見台,1R,15㎡,3,41,鉄筋コンクリート,能見台,2,29,京急本線,金沢区,5.5,神奈川県横浜市金沢区能見台通,敷 なし / 礼 なし,https://realestate.yahoo.co.jp/rent/detail/00000229085069f2212d9b8a4affa1687602c62bd70b/
5.5,5.2,3000,ヴァンハウス吉野町,1R,14.82㎡,5,33,鉄骨鉄筋コンクリート,吉野町,4,8,ブルーライン,南区,3.93,神奈川県横浜市南区二葉町2,敷 なし / 礼 5.2万円※,https://realestate.yahoo.co.jp/rent/detail/000001066082a2f91f1e497f299edbafa30796d3c6f6/
5.5,5.2,3000,ハウスイセザキ,1R,20㎡,3,40,鉄骨,阪東橋,4,6,ブルーライン,南区,3.93,神奈川県横浜市中区末吉町3,敷 5.2万円 / 礼 なし※,https://realestate.yahoo.co.jp/rent/detail/0000046452277ea46d5540038353c1f864852cddc9c0/
5.5,5.0,5000,パミール鶴ヶ峰,1R,27.67㎡,3,39,鉄筋コンクリート,鶴ケ峰,4,22,相鉄本線,旭区,4.61,神奈川県横浜市旭区鶴ケ峰002,敷 なし / 礼 1ヶ月,https://realestate.yahoo.co.jp/rent/detail/000000983053f760e7e090028291a6fc27c8e63e4a25/
5.5,5.0,5000,相模鉄道本線 鶴ケ峰駅 地上3階建て 築39年,1R,27.67㎡,3,39,鉄筋コンクリート,鶴ケ峰,4,22,相鉄本線,旭区,4.61,神奈川県横浜市旭区鶴ケ峰002,敷 なし / 礼 1ヶ月,https://realestate.yahoo.co.jp/rent/detail/_000000983053f760e7e090028291a6fc27c8e63e4a25/
5.5,5.0,5000,相模鉄道本線 鶴ケ峰駅 3階建 築39年,1R,27.67㎡,3,39,鉄筋コンクリート,鶴ケ峰,4,22,相鉄本線,旭区,4.61,神奈川県横浜市旭区鶴ケ峰2,敷 なし / 礼 5万円,https://realestate.yahoo.co.jp/rent/detail/_000009046239f760e7e090028291a6fc27c8e63e4a25/
5.5,4.5,10000,マリオン横浜第四花ノ木,1R,16.32㎡,4,29,鉄筋コンクリート,蒔田,5,10,ブルーライン,南区,3.93,神奈川県横浜市南区宿町2,敷 なし / 礼 なし,https://realestate.yahoo.co.jp/rent/detail/000008902507f558834aae73fa493ac4cb703efbbbb0/
5.5,4.5,10000,横浜市営地下鉄ブルーライン 蒔田駅 5階建 築29年,1R,16.32㎡,4,29,鉄筋コンクリート,蒔田,5,10,ブルーライン,南区,3.93,神奈川県横浜市南区宿町2,敷 なし / 礼 なし,https://realestate.yahoo.co.jp/rent/detail/_000008902379f558834aae73fa493ac4cb703efbbbb0/
5.5,4.8,7000,ポートハイム宮元町第一,1R,17.28㎡,3,35,鉄筋コンクリート,蒔田,5,10,ブルーライン,南区,3.93,神奈川県横浜市南区宮元町1,敷 なし / 礼 なし,https://realestate.yahoo.co.jp/rent/detail/00000113635164097f805324e0086f2a5f4f127534a3/
5.5,4.9,6000,横浜市営地下鉄ブルーライン 伊勢佐木長者町駅 11階建 築34年,1R,16.32㎡,8,34,鉄骨鉄筋コンクリート,伊勢佐木長者町,6,4,ブルーライン,中区,11.11,神奈川県横浜市南区永楽町1,敷 なし / 礼 なし,https://realestate.yahoo.co.jp/rent/detail/_000004041655e6d11e1cdf88b21f28555356f7822037/
5.5,4.9,6000,横浜市営地下鉄ブルーライン 伊勢佐木長者町駅 地上11階建て 築34年,1R,16.32㎡,8,34,鉄骨鉄筋コンクリート,伊勢佐木長者町,6,4,ブルーライン,中区,11.11,神奈川県横浜市南区永楽町001,敷 なし / 礼 なし,https://realestate.yahoo.co.jp/rent/detail/_000004626719e6d11e1cdf88b21f28555356f7822037/
5.5,4.9,6000,伊勢佐木町ダイカンプラザCityII,1R,16.32㎡,8,34,鉄骨鉄筋コンクリート,伊勢佐木長者町,6,4,ブルーライン,中区,11.11,神奈川県横浜市南区永楽町1,敷 なし / 礼 なし,https://realestate.yahoo.co.jp/rent/detail/000004626719e6d11e1cdf88b21f28555356f7822037/
5.5,5.0,5000,パークシティ横浜吉野町,1R,20.67㎡,3,35,鉄骨鉄筋コンクリート,阪東橋,6,6,ブルーライン,南区,3.93,神奈川県横浜市南区新川町1,敷 なし / 礼 なし,https://realestate.yahoo.co.jp/rent/detail/000001099342e9e412487fc3d9da1300ddc663d03095/
5.5,4.9,6000,シーズ西横浜,1R,16.53㎡,5,36,鉄骨鉄筋コンクリート,戸部,6,10,京急本線,西区,14.14,神奈川県横浜市西区中央1,敷 なし / 礼 4.9万円,https://realestate.yahoo.co.jp/rent/detail/0000011123605a450f068a47661da4c3652f976e2e62/
5.5,4.9,6000,パーク・ノヴァ横浜阪東橋,1R,17.19㎡,5,37,鉄骨鉄筋コンクリート,阪東橋,7,6,ブルーライン,南区,3.93,神奈川県横浜市南区浦舟町1,敷 なし / 礼 なし,https://realestate.yahoo.co.jp/rent/detail/000001954505bd3d6337cfd58110535ec72af922551c/
5.5,5.2,3000,横浜市営地下鉄ブルーライン 吉野町駅 11階建 築33年,1R,14.82㎡,5,33,鉄骨鉄筋コンクリート,阪東橋,7,6,ブルーライン,南区,3.93,神奈川県横浜市南区二葉町2,敷 なし / 礼 5.2万円,https://realestate.yahoo.co.jp/rent/detail/_000001066082a2f91f1e497f299edbafa30796d3c6f6/
5.5,5.2,3000,東海道本線 戸塚駅 6階建 築37年,1R,16.8㎡,5,37,鉄筋コンクリート,戸塚,7,25,ブルーライン,戸塚区,4.08,神奈川県横浜市戸塚区戸塚町,敷 5.2万円 / 礼 5.2万円,https://realestate.yahoo.co.jp/rent/detail/_0000010866597db11f24fc5c202f1a2a33a9f218acba/
5.5,5.2,3000,アックス横浜戸塚,1R,16.8㎡,5,37,鉄筋コンクリート,戸塚,7,25,ブルーライン,戸塚区,4.08,神奈川県横浜市戸塚区戸塚町,敷 5.2万円※ / 礼 5.2万円※,https://realestate.yahoo.co.jp/rent/detail/0000010866597db11f24fc5c202f1a2a33a9f218acba/
5.5,5.3,2000,横浜市営地下鉄ブルーライン 片倉町駅 7階建 築36年,1R,16.63㎡,6,36,鉄筋コンクリート,片倉町,7,13,ブルーライン,神奈川区,4.71,神奈川県横浜市神奈川区三枚町,敷 なし / 礼 なし,https://realestate.yahoo.co.jp/rent/detail/_000002404112a3255c3740aa9414a4d20b3e865d5856/
5.5,5.3,2000,クリオ片倉町六番館,1R,16.63㎡,6,36,鉄筋コンクリート,片倉町,7,13,ブルーライン,神奈川区,4.71,神奈川県横浜市神奈川区三枚町,敷 なし / 礼 なし,https://realestate.yahoo.co.jp/rent/detail/000002404112a3255c3740aa9414a4d20b3e865d5856/
5.5,5.2,3000,Y・Tアクセス横浜,1R,16.2㎡,7,34,鉄筋コンクリート,戸部,8,10,京急本線,西区,14.14,神奈川県横浜市西区中央2,敷 5.2万円 / 礼 5.2万円,https://realestate.yahoo.co.jp/rent/detail/00000163979023f8093e4c29863a6570ea157827ec88/
5.5,4.5,10000,日興パレス横浜西,1R,17.27㎡,8,35,鉄骨鉄筋コンクリート,戸部,9,10,京急本線,西区,14.14,神奈川県横浜市西区中央2,敷 なし / 礼 4.5万円,https://realestate.yahoo.co.jp/rent/detail/0000013778948902606402fa0e962d9c3edf97cd9b74/
5.5,4.5,10000,相模鉄道本線 西横浜駅 11階建 築35年,1R,17.27㎡,8,35,鉄骨鉄筋コンクリート,戸部,10,10,京急本線,西区,14.14,神奈川県横浜市西区中央2,敷 なし / 礼 4.5万円,https://realestate.yahoo.co.jp/rent/detail/_0000013778948902606402fa0e962d9c3edf97cd9b74/
5.5,5.5,0,ヴァンハウス杉田,1R,15.87㎡,5,38,鉄筋コンクリート,新杉田,11,16,JR根岸線,磯子区,4.36,神奈川県横浜市磯子区杉田3,敷 5.5万円 / 礼 5.5万円,https://realestate.yahoo.co.jp/rent/detail/0000014805092069398ac21710754f406287517add8b/
5.5,4.9,6000,スカイコート西横浜第6,1R,16.25㎡,7,34,鉄骨鉄筋コンクリート,高島町,13,5,ブルーライン,西区,14.14,神奈川県横浜市西区中央2,敷 なし / 礼 なし,https://realestate.yahoo.co.jp/rent/detail/000001194158c2b3cc245ac5fd7b9bec273d9a514607/
5.5,5.0,5000,西横浜クリスコーポ,1R,18.46㎡,4,46,鉄筋コンクリート,戸部,13,10,京急本線,西区,14.14,神奈川県横浜市西区浜松町,敷 5万円※ / 礼 なし,https://realestate.yahoo.co.jp/rent/detail/000004439600c02385baab1ee406dded89bc62c0b251/
5.5,5.0,5000,相模鉄道本線 西横浜駅 7階建 築46年,1R,18.46㎡,4,46,鉄筋コンクリート,戸部,13,10,京急本線,西区,14.14,神奈川県横浜市西区浜松町,敷 5万円 / 礼 なし,https://realestate.yahoo.co.jp/rent/detail/_000004439600c02385baab1ee406dded89bc62c0b251/
5.5,5.5,0,コスタ本牧壱番館,1R,16.2㎡,4,38,鉄筋コンクリート,山手,15,7,JR根岸線,中区,11.11,神奈川県横浜市中区本牧町1,敷 なし / 礼 5.5万円,https://realestate.yahoo.co.jp/rent/detail/000008324299dea6e1b77b7f5e85a00fef27838ee196/
5.5,5.2,3000,グリーンヒルズ戸塚,1R,20㎡,4,35,鉄筋コンクリート,戸塚,18,25,ブルーライン,戸塚区,4.08,神奈川県横浜市戸塚区上倉田町,敷 なし / 礼 なし,https://realestate.yahoo.co.jp/rent/detail/00000402833013d69de2534c8e19c057f00e957382ba/
5.5,5.2,3000,東海道本線 戸塚駅 6階建 築35年,1R,20㎡,3,35,鉄筋コンクリート,舞岡,34,22,ブルーライン,戸塚区,4.08,神奈川県横浜市戸塚区上倉田町,敷 なし / 礼 なし,https://realestate.yahoo.co.jp/rent/detail/_000004028330f7e976466549a6d34a4a7b7833721bc3/
5.6,5.2,4000,横浜市営地下鉄ブルーライン 阪東橋駅 11階建 築35年,1R,17.82㎡,9,35,鉄骨鉄筋コンクリート,阪東橋,2,6,ブルーライン,南区,3.93,神奈川県横浜市南区高根町1,敷 5.2万円 / 礼 なし,https://realestate.yahoo.co.jp/rent/detail/_000001782206fa2d190fe3959c4d6df94298f4694d64/
5.6,5.2,4000,横浜市営地下鉄ブルーライン 阪東橋駅 11階建 築35年,1R,17.67㎡,5,35,鉄骨鉄筋コンクリート,阪東橋,2,6,ブルーライン,南区,3.93,神奈川県横浜市南区高根町1,敷 5.2万円 / 礼 なし,https://realestate.yahoo.co.jp/rent/detail/_000001782206431315a0094d476b24f75d486e7a0405/
5.6,5.2,4000,高嶺グリーンハイツ,1R,17.82㎡,9,35,鉄骨鉄筋コンクリート,阪東橋,3,6,ブルーライン,南区,3.93,神奈川県横浜市南区高根町1,敷 5.2万円 / 礼 なし,https://realestate.yahoo.co.jp/rent/detail/000001782206fa2d190fe3959c4d6df94298f4694d64/
5.6,5.2,4000,高嶺グリーンハイツ,1R,17.67㎡,5,35,鉄骨鉄筋コンクリート,阪東橋,3,6,ブルーライン,南区,3.93,神奈川県横浜市南区高根町1,敷 5.2万円 / 礼 なし,https://realestate.yahoo.co.jp/rent/detail/000001782206431315a0094d476b24f75d486e7a0405/
5.6,5.2,4000,日興パレス伊勢佐木町北,1R,20.66㎡,4,38,鉄骨鉄筋コンクリート,阪東橋,3,6,ブルーライン,南区,3.93,神奈川県横浜市中区末吉町3,敷 5.2万円 / 礼 なし,https://realestate.yahoo.co.jp/rent/detail/00000244424925518d731899e0f5fcf55d24d592d3ae/
5.6,5.6,0,グレイスヒルズヨコハマ,1R,20.15㎡,3,9,鉄骨,阪東橋,7,6,ブルーライン,南区,3.93,神奈川県横浜市南区中村町3,敷 4.4万円 / 礼 なし,https://realestate.yahoo.co.jp/rent/detail/0000079235759c7b34e53bf0d8f4126681b6f4ddf91e/
5.6,5.4,2000,早川ビル,1R,16.5㎡,6,40,鉄筋コンクリート,高島町,7,5,ブルーライン,西区,14.14,神奈川県横浜市西区戸部本町,敷 5.4万円 / 礼 なし,https://realestate.yahoo.co.jp/rent/detail/000001259022c9f65841b738479dc931e74a09b98b31/
5.6,5.3,3000,グランデ岸根公園II,1R,19.77㎡,4,34,鉄筋コンクリート,岸根公園,7,15,ブルーライン,港北区,4.78,神奈川県横浜市港北区岸根町,敷 なし / 礼 なし,https://realestate.yahoo.co.jp/rent/detail/00000402872790ac06b4a9dd66d18993e27daa2f5aa6/
5.6,5.4,2000,ラフィネ横浜WEST,1R,19.49㎡,5,23,鉄骨,天王町,8,14,相鉄本線,保土ケ谷区,3.99,神奈川県横浜市西区南浅間町,敷 なし / 礼 なし,https://realestate.yahoo.co.jp/rent/detail/000009030437cadbdd5226b462d018a9fec58b789d29/
5.7,5.05,6500,京急本線 日ノ出町駅 地下1地上11階建 築38年,1R,15㎡,3,38,鉄骨鉄筋コンクリート,日ノ出町,1,8,京急本線,中区,11.11,神奈川県横浜市中区日ノ出町1,敷 5.05万円※ / 礼 なし,https://realestate.yahoo.co.jp/rent/detail/_000001783208efb474aa806bdbdab73c00d709a07f34/
5.7,5.05,6500,スカイコート横浜日ノ出町,1R,15㎡,3,38,鉄骨鉄筋コンクリート,日ノ出町,1,8,京急本線,中区,11.11,神奈川県横浜市中区日ノ出町1,敷 5.05万円※ / 礼 なし,https://realestate.yahoo.co.jp/rent/detail/000001783208efb474aa806bdbdab73c00d709a07f34/
5.7,5.3,4000,パレクレール,1R,19.45㎡,3,37,鉄骨,上星川,1,20,相鉄本線,保土ケ谷区,3.99,神奈川県横浜市保土ヶ谷区坂本町,敷 なし / 礼 なし,https://realestate.yahoo.co.jp/rent/detail/000001028215ae4d48ab001a3902c9f6646113d600f7/
5.7,5.5,2000,杉本ビル,1R,20㎡,3,38,鉄筋コンクリート,新杉田,3,16,JR根岸線,磯子区,4.36,神奈川県横浜市磯子区杉田1,敷 5.5万円 / 礼 なし,https://realestate.yahoo.co.jp/rent/detail/000001201549b30499306245f8ce8ff03604b6f78ca4/
5.7,5.4,3000,パレ・ドール伊勢佐木町南,1R,19.29㎡,6,36,鉄骨鉄筋コンクリート,阪東橋,4,6,ブルーライン,南区,3.93,神奈川県横浜市南区白妙町5,敷 なし / 礼 なし,https://realestate.yahoo.co.jp/rent/detail/00000109170389e234e51605ac00d3b8018a0ba64f86/
5.7,5.2,5000,リーヴェルステージ横浜南,1R,21.97㎡,3,36,鉄骨,阪東橋,4,6,ブルーライン,南区,3.93,神奈川県横浜市南区新川町1,敷 5.2万円 / 礼 なし,https://realestate.yahoo.co.jp/rent/detail/000003784299bef77b9610746fad2ef6f4f03ab43ae9/
5.7,5.2,5000,横浜市営地下鉄ブルーライン 伊勢佐木長者町駅 11階建 築34年,1R,16.01㎡,10,34,鉄骨鉄筋コンクリート,伊勢佐木長者町,6,4,ブルーライン,中区,11.11,神奈川県横浜市南区永楽町1,敷 なし / 礼 なし,https://realestate.yahoo.co.jp/rent/detail/_000004041655741c510dabce18e420da2e613e0c8386/
5.7,5.2,5000,横浜市営地下鉄ブルーライン 伊勢佐木長者町駅 地上11階建て 築34年,1R,16.01㎡,10,34,鉄骨鉄筋コンクリート,伊勢佐木長者町,6,4,ブルーライン,中区,11.11,神奈川県横浜市南区永楽町001,敷 なし / 礼 なし,https://realestate.yahoo.co.jp/rent/detail/_000004626719741c510dabce18e420da2e613e0c8386/
5.7,5.2,5000,伊勢佐木町ダイカンプラザCityII,1R,16.01㎡,10,34,鉄骨鉄筋コンクリート,伊勢佐木長者町,6,4,ブルーライン,中区,11.11,神奈川県横浜市南区永楽町1,敷 なし / 礼 なし,https://realestate.yahoo.co.jp/rent/detail/000004626719741c510dabce18e420da2e613e0c8386/
5.7,4.9,8000,アーバンヒルズ吉野町,1R,16.36㎡,7,35,鉄筋コンクリート,吉野町,7,8,ブルーライン,南区,3.93,神奈川県横浜市南区宮元町1,敷 なし / 礼 なし,https://realestate.yahoo.co.jp/rent/detail/0000011420457c56131510d38937e5e748a80d4c2485/
5.7,5.2,5000,ホーユウコンフォルト鶴ヶ峰,1R,16.85㎡,4,36,鉄筋コンクリート,鶴ケ峰,7,22,相鉄本線,旭区,4.61,神奈川県横浜市旭区鶴ケ峰1,敷 なし / 礼 なし,https://realestate.yahoo.co.jp/rent/detail/000004037948494153a45a621f988f95837003d5a4bf/
5.7,5.2,5000,相模鉄道本線 鶴ケ峰駅 4階建 築36年,1R,16.85㎡,4,36,鉄筋コンクリート,鶴ケ峰,7,22,相鉄本線,旭区,4.61,神奈川県横浜市旭区鶴ケ峰1,敷 なし / 礼 なし,https://realestate.yahoo.co.jp/rent/detail/_000004037948494153a45a621f988f95837003d5a4bf/
5.7,5.5,2000,TOP・桜木町,1R,14.37㎡,4,41,鉄筋コンクリート,日ノ出町,9,8,京急本線,中区,11.11,神奈川県横浜市西区戸部町1,敷 5.5万円 / 礼 5.5万円,https://realestate.yahoo.co.jp/rent/detail/000000880647ec9bd025b02f4e234212507ff669fde3/
5.7,5.05,6500,京急本線 日ノ出町駅 11階建 築38年,1R,15㎡,3,38,鉄骨鉄筋コンクリート,黄金町,12,10,京急本線,南区,3.93,神奈川県横浜市中区日ノ出町1,敷 5.05万円※ / 礼 なし,https://realestate.yahoo.co.jp/rent/detail/_000001783208efb474aa806bdbdab73c00d709a07f34/
5.75,5.25,5000,第3池ヶ谷ビル,1R,15.14㎡,5,30,鉄骨,高島町,11,5,ブルーライン,西区,14.14,神奈川県横浜市西区中央2,敷 5.25万円 / 礼 なし,https://realestate.yahoo.co.jp/rent/detail/00000242541564d64ca31386e6e06d41c3f0ed3642f6/
5.8,5.5,3000,横浜市営地下鉄ブルーライン 伊勢佐木長者町駅 9階建 築40年,1R,17.18㎡,5,40,鉄骨鉄筋コンクリート,伊勢佐木長者町,1,4,ブルーライン,中区,11.11,神奈川県横浜市中区長者町5,敷 なし / 礼 なし,https://realestate.yahoo.co.jp/rent/detail/_000004318850367d9d9841adfd55e47c9cbd85fe8bb0/
5.8,5.5,3000,大営長者町ビル,1R,17.18㎡,5,40,鉄骨鉄筋コンクリート,伊勢佐木長者町,1,4,ブルーライン,中区,11.11,神奈川県横浜市中区長者町5,敷 なし / 礼 なし,https://realestate.yahoo.co.jp/rent/detail/000001113940367d9d9841adfd55e47c9cbd85fe8bb0/
5.8,5.3,5000,ライオンズマンション横浜大通り公園第3,1R,15.37㎡,7,35,鉄骨鉄筋コンクリート,阪東橋,2,6,ブルーライン,南区,3.93,神奈川県横浜市中区曙町4,敷 5.3万円 / 礼 なし,https://realestate.yahoo.co.jp/rent/detail/000003422673b13b8ada955b9f9d74566a7f60db1a73/
5.8,5.2,6000,能見台マンション,1R,19.8㎡,3,38,木造,能見台,3,29,京急本線,金沢区,5.5,神奈川県横浜市金沢区能見台通,敷 なし / 礼 なし,https://realestate.yahoo.co.jp/rent/detail/000008813795949203dbac2f797c03064098690e7447/
5.8,5.2,6000,能見台マンション,1R,19.8㎡,4,38,木造,能見台,3,29,京急本線,金沢区,5.5,神奈川県横浜市金沢区能見台通,敷 なし / 礼 なし,https://realestate.yahoo.co.jp/rent/detail/00000881379510a4501fc5f9e0b7b533962e45dc9634/
5.8,5.2,6000,京急本線 能見台駅 4階建 築38年,1R,19.8㎡,4,38,木造,能見台,3,29,京急本線,金沢区,5.5,神奈川県横浜市金沢区能見台通,敷 なし / 礼 なし,https://realestate.yahoo.co.jp/rent/detail/_00000900835110a4501fc5f9e0b7b533962e45dc9634/
5.8,5.8,0,藤和伊勢佐木町ハイタウン,1R,23.04㎡,3,46,鉄骨鉄筋コンクリート,伊勢佐木長者町,4,4,ブルーライン,中区,11.11,神奈川県横浜市中区曙町1,敷 5.8万円 / 礼 5.8万円,https://realestate.yahoo.co.jp/rent/detail/0000041156629cbe87f7fdeb2b743bf67c36788655fe/
5.8,5.5,3000,Windy Hills 横浜吉野町,1R,16.02㎡,3,13,木造,吉野町,4,8,ブルーライン,南区,3.93,神奈川県横浜市南区高砂町2,敷 なし / 礼 なし,https://realestate.yahoo.co.jp/rent/detail/0000039734082ded91b0914e3fd146222836bc539b12/
5.8,5.4,4000,第3東和ビル,1R,17.01㎡,5,36,鉄筋コンクリート,吉野町,5,8,ブルーライン,南区,3.93,神奈川県横浜市南区宮元町1,敷 5.4万円 / 礼 5万円※,https://realestate.yahoo.co.jp/rent/detail/00000112047644f3d5366a594350a6a16b790211d9a0/
5.8,5.4,4000,横浜市営地下鉄ブルーライン 吉野町駅 7階建 築36年,1R,17.01㎡,5,36,鉄筋コンクリート,吉野町,5,8,ブルーライン,南区,3.93,神奈川県横浜市南区宮元町1,敷 5.4万円 / 礼 5.4万円,https://realestate.yahoo.co.jp/rent/detail/_00000112047644f3d5366a594350a6a16b790211d9a0/
5.8,5.0,8000,シャトレーイン横浜,1R,14.21㎡,6,45,鉄骨鉄筋コンクリート,伊勢佐木長者町,6,4,ブルーライン,中区,11.11,神奈川県横浜市中区不老町1,敷 なし / 礼 なし,https://realestate.yahoo.co.jp/rent/detail/0000018730960270206a4e84da0916b270cc69a4565d/
5.8,5.0,8000,根岸線 関内駅 地下1地上11階建 築45年,1R,16㎡,6,45,鉄骨鉄筋コンクリート,伊勢佐木長者町,6,4,ブルーライン,中区,11.11,神奈川県横浜市中区不老町1,敷 なし / 礼 なし,https://realestate.yahoo.co.jp/rent/detail/_000001873096ae6b58ebb30fee8578446a5d76e0e1ef/
5.8,5.3,5000,プレール横浜山手,1R,16.02㎡,3,33,鉄筋コンクリート,山手,7,7,JR根岸線,中区,11.11,神奈川県横浜市中区豆口台,敷 なし / 礼 なし,https://realestate.yahoo.co.jp/rent/detail/0000010781332ded91b0914e3fd146222836bc539b12/
5.8,5.3,5000,プレール横浜山手,1R,13.51㎡,3,42,鉄筋コンクリート,山手,9,7,JR根岸線,中区,11.11,神奈川県横浜市中区豆口台,敷 なし / 礼 なし,https://realestate.yahoo.co.jp/rent/detail/0000088241744bb7941f3249bece99b46a8ab66ddd06/
5.8,5.3,5000,京急本線 上大岡駅 3階建 築7年,1R,18.63㎡,3,7,木造,上大岡,15,13,ブルーライン,港南区,4.75,神奈川県横浜市南区別所5,敷 なし / 礼 なし,https://realestate.yahoo.co.jp/rent/detail/_000004645693cff88a64dfaae522a513faec534176fb/
5.8,5.5,3000,LEEビル,1R,18.5㎡,3,32,鉄筋コンクリート,根岸,121,10,JR根岸線,中区,11.11,神奈川県横浜市中区本牧三之谷,敷 なし / 礼 なし,https://realestate.yahoo.co.jp/rent/detail/000003229439a75f945575a115d6af286a6e445a5588/
5.9,5.4,5000,横浜市営地下鉄ブルーライン 伊勢佐木長者町駅 11階建 築39年,1R,17.4㎡,11,39,鉄骨鉄筋コンクリート,伊勢佐木長者町,3,4,ブルーライン,中区,11.11,神奈川県横浜市中区長者町3,敷 なし / 礼 5.4万円,https://realestate.yahoo.co.jp/rent/detail/_0000021897299b5b477635d11a1d76522c4b27b52a2c/
5.9,5.4,5000,エクセレント21,1R,16.5㎡,3,40,鉄筋コンクリート,戸部,5,10,京急本線,西区,14.14,神奈川県横浜市西区平沼2,敷 5.4万円 / 礼 なし,https://realestate.yahoo.co.jp/rent/detail/0000048622941b9c65cf66b49901a3ae8a0de66c1324/
5.9,5.6,3000,セザール伊勢佐木,1R,21.17㎡,4,46,鉄骨鉄筋コンクリート,阪東橋,7,6,ブルーライン,南区,3.93,神奈川県横浜市中区若葉町3,敷 5.6万円 / 礼 5.6万円,https://realestate.yahoo.co.jp/rent/detail/0000017387585cfea7ac470ecc1054b857d2de985926/
5.9,5.9,0,京浜東北線 桜木町駅 11階建 築43年,1R,16.55㎡,4,43,鉄骨鉄筋コンクリート,日ノ出町,8,8,京急本線,中区,11.11,神奈川県横浜市中区花咲町1,敷 5.9万円 / 礼 5.9万円,https://realestate.yahoo.co.jp/rent/detail/_0000011350532e9bd54e5f138d943271e1417311a5dc/
5.9,5.4,5000,リ・ラフォーレ,1R,21.12㎡,3,40,鉄筋コンクリート,三ツ沢下町,12,9,ブルーライン,神奈川区,4.71,神奈川県横浜市神奈川区高島台,敷 なし / 礼 5.4万円,https://realestate.yahoo.co.jp/rent/detail/0000018650709f6a0223999e9916c501c662c576be17/
5.9,5.7,2000,ウィンブルーム屏風浦,1R,19.87㎡,3,30,鉄骨,磯子,13,13,JR根岸線,磯子区,4.36,神奈川県横浜市磯子区森3,敷 なし / 礼 なし,https://realestate.yahoo.co.jp/rent/detail/0000029225853936def4d2c8e79d561f5dd33e629672/
5.9,5.5,4000,東海道本線 戸塚駅 4階建 築36年,1R,18.9㎡,3,36,鉄筋コンクリート,踊場,20,28,ブルーライン,泉区,4.36,神奈川県横浜市戸塚区戸塚町,敷 なし / 礼 なし,https://realestate.yahoo.co.jp/rent/detail/_0000037306203256e937ee659314bbdfa4328739a7e9/
6.0,5.5,5000,ダイアパレス根岸,1R,22.88㎡,8,44,鉄骨鉄筋コンクリート,根岸,2,10,JR根岸線,中区,11.11,神奈川県横浜市磯子区東町,敷 5.5万円 / 礼 なし,https://realestate.yahoo.co.jp/rent/detail/000001097270bad8017f1ebe31ad28b3b5921463a153/
6.0,6.0,0,貴浩マンション,1R,21.26㎡,3,24,鉄骨,踊場,2,28,ブルーライン,泉区,4.36,神奈川県横浜市泉区中田南1,敷 6万円※ / 礼 なし,https://realestate.yahoo.co.jp/rent/detail/0000016052885c3bc7ee17e11f1eaef3d79cce72d4b8/
6.0,6.0,0,横浜市営地下鉄ブルーライン 踊場駅 5階建 築24年,1R,21.26㎡,3,24,鉄骨,踊場,2,28,ブルーライン,泉区,4.36,神奈川県横浜市泉区中田南1,敷 6万円 / 礼 なし,https://realestate.yahoo.co.jp/rent/detail/_0000016052885c3bc7ee17e11f1eaef3d79cce72d4b8/
6.0,5.0,10000,横浜市営地下鉄ブルーライン 阪東橋駅 10階建 築34年,1R,19.11㎡,4,34,鉄骨鉄筋コンクリート,阪東橋,3,6,ブルーライン,南区,3.93,神奈川県横浜市中区伊勢佐木町7,敷 5万円 / 礼 なし,https://realestate.yahoo.co.jp/rent/detail/_000004221672f422faeeab044beadb16fa1ba3643b10/
6.0,5.0,10000,シティマンションオリエント伊勢佐木町,1R,19.11㎡,4,34,鉄骨鉄筋コンクリート,阪東橋,3,6,ブルーライン,南区,3.93,神奈川県横浜市中区伊勢佐木町7,敷 5万円※ / 礼 なし,https://realestate.yahoo.co.jp/rent/detail/000004221672f422faeeab044beadb16fa1ba3643b10/
6.0,5.5,5000,パレTOHO平沼,1R,16.41㎡,4,37,鉄筋コンクリート,戸部,8,10,京急本線,西区,14.14,神奈川県横浜市西区西平沼町,敷 5.5万円 / 礼 なし,https://realestate.yahoo.co.jp/rent/detail/000002233872c94bc98a87cf60195234c1d85c651d4f/
6.0,5.5,5000,相模鉄道本線 平沼橋駅 6階建 築37年,1R,16.41㎡,4,37,鉄筋コンクリート,戸部,8,10,京急本線,西区,14.14,神奈川県横浜市西区西平沼町,敷 5.5万円 / 礼 なし,https://realestate.yahoo.co.jp/rent/detail/_000005999674c94bc98a87cf60195234c1d85c651d4f/
6.0,5.5,5000,セザール伊勢佐木,1R,19.95㎡,6,46,鉄骨鉄筋コンクリート,伊勢佐木長者町,9,4,ブルーライン,中区,11.11,神奈川県横浜市中区若葉町3,敷 なし / 礼 なし,https://realestate.yahoo.co.jp/rent/detail/00000173875874a493b09c7ea28b968e2efc4dc89b0a/
6.0,5.7,3000,ヴィラコンフォート上大岡,1R,16.5㎡,3,9,木造,港南中央,12,15,ブルーライン,港南区,4.75,神奈川県横浜市港南区笹下1,敷 なし / 礼 なし,https://realestate.yahoo.co.jp/rent/detail/00000373220611db4abe511e8d13f035bb8f2b660718/
6.0,6.0,0,トップヒルズ中里,1R,25.86㎡,3,21,鉄筋コンクリート,弘明寺(市営),15,12,ブルーライン,南区,3.93,神奈川県横浜市南区中里2,敷 なし / 礼 6万円,https://realestate.yahoo.co.jp/rent/detail/0000024048173314b530978d716f98d70f10c5b6b895/
6.0,5.5,5000,RKB24,1R,20.36㎡,5,35,鉄筋コンクリート,岸根公園,18,15,ブルーライン,港北区,4.78,神奈川県横浜市神奈川区六角橋3,敷 5.5万円 / 礼 5.5万円,https://realestate.yahoo.co.jp/rent/detail/000001932560ba4c0dc8255f84ba97914566bc685927/
